timestamp,alert_level,priority_score,reasons,news_count,news_sentiment,news_bullish_ratio,btc_price,btc_change
2025-07-21 15:00:00,HIGH,7,뉴스 급증 (11건); ⚠️ 뉴스+고래 동시 급증,11.0,0.0,0.0,118313.16,-0.4340944074337383
2025-07-21 16:00:00,CRITICAL,11,뉴스 급증 (22건); 규제 관련 뉴스 (3건); ⚠️ 뉴스+고래 동시 급증,22.0,0.0,0.09090909090867769,117738.44,-0.4857616853442215
2025-07-22 06:00:00,MEDIUM,5,⚠️ 뉴스+고래 동시 급증,9.0,0.0,0.11111111110987654,117847.26,0.4414840388932806
2025-07-22 07:00:00,HIGH,7,뉴스 급증 (11건); ⚠️ 뉴스+고래 동시 급증,11.0,0.05642727272727273,0.2727272727247934,117983.68,0.1157600100333278
2025-07-22 09:00:00,HIGH,6,뉴스 급증 (18건); 규제 관련 뉴스 (3건),18.0,-0.02926111111111111,0.16666666666574076,119954.42,1.4070759495372398
2025-07-22 10:00:00,HIGH,7,뉴스 급증 (10건); ⚠️ 뉴스+고래 동시 급증,10.0,0.0,0.099999999999,118955.99,-0.8323411509138179
2025-07-22 15:00:00,HIGH,7,뉴스 급증 (15건); ⚠️ 뉴스+고래 동시 급증,15.0,0.0,0.13333333333244443,118912.04,-0.124273475558545
2025-07-23 06:00:00,HIGH,6,뉴스 급증 (10건); 규제 관련 뉴스 (4건),10.0,0.0,0.199999999998,118417.99,-0.1913691461522426
2025-07-23 08:00:00,HIGH,7,뉴스 급증 (12건); ⚠️ 뉴스+고래 동시 급증,12.0,0.0,0.08333333333263888,118423.21,0.061562978056262
2025-07-23 10:00:00,HIGH,7,뉴스 급증 (13건); ⚠️ 뉴스+고래 동시 급증,13.0,-0.03435384615384615,0.0,118372.12,-0.3232426423290357
2025-07-23 13:00:00,HIGH,7,뉴스 급증 (12건); ⚠️ 뉴스+고래 동시 급증,12.0,0.030666666666666665,0.08333333333263888,117381.44,-0.5079305344009577
2025-07-23 14:00:00,HIGH,7,뉴스 급증 (18건); ⚠️ 뉴스+고래 동시 급증,18.0,0.0,0.16666666666574076,118204.99,0.7016015479108129
2025-07-23 15:00:00,CRITICAL,11,뉴스 급증 (13건); 규제 관련 뉴스 (3건); ⚠️ 뉴스+고래 동시 급증,13.0,0.0,0.0769230769224852,118567.39,0.3065860417567734
2025-07-23 16:00:00,HIGH,7,뉴스 급증 (17건); ⚠️ 뉴스+고래 동시 급증,17.0,0.0,0.05882352941141869,117712.53,-0.7209908221813777
2025-07-23 17:00:00,HIGH,7,뉴스 급증 (10건); ⚠️ 뉴스+고래 동시 급증,10.0,0.0,0.199999999998,118131.99,0.3563426935093483
2025-07-23 18:00:00,HIGH,7,뉴스 급증 (10건); ⚠️ 뉴스+고래 동시 급증,10.0,0.052669999999999995,0.199999999998,118379.45,0.2094775513389546
2025-07-24 11:00:00,CRITICAL,11,뉴스 급증 (17건); 규제 관련 뉴스 (3건); ⚠️ 뉴스+고래 동시 급증,17.0,0.0,0.05882352941141869,118600.0,0.1909287673753201
2025-07-24 15:00:00,HIGH,7,뉴스 급증 (11건); ⚠️ 뉴스+고래 동시 급증,11.0,0.03434545454545455,0.09090909090826446,119092.65,0.0298512201413192
2025-07-24 16:00:00,MEDIUM,5,⚠️ 뉴스+고래 동시 급증,8.0,0.0,0.0,118529.97,-0.4724724825587389
2025-07-25 07:00:00,HIGH,7,뉴스 급증 (11건); ⚠️ 뉴스+고래 동시 급증,11.0,0.05326363636363636,0.18181818181652892,115320.01,0.0310189813439443
2025-07-25 08:00:00,HIGH,7,뉴스 급증 (11건); ⚠️ 뉴스+고래 동시 급증,11.0,0.0,0.09090909090826446,115202.55,-0.101855697029507
2025-07-25 09:00:00,HIGH,9,⚠️ 뉴스+고래 동시 급증; 뉴스+가격급변 (BTC 2.1%),9.0,0.0,0.22222222221975307,117614.31,2.093495326275318
2025-07-25 10:00:00,HIGH,7,뉴스 급증 (14건); ⚠️ 뉴스+고래 동시 급증,14.0,0.0,0.14285714285612244,116308.48,-1.1102645587939053
2025-07-25 11:00:00,HIGH,7,뉴스 급증 (10건); ⚠️ 뉴스+고래 동시 급증,10.0,0.0,0.0,116543.58,0.2021348744304818
2025-07-25 15:00:00,HIGH,7,뉴스 급증 (11건); ⚠️ 뉴스+고래 동시 급증,11.0,0.0,0.0,115727.08,0.6672494200374635
2025-07-28 08:00:00,HIGH,7,뉴스 급증 (12건); ⚠️ 뉴스+고래 동시 급증,12.0,0.028333333333333335,0.33333333333055554,119072.45,0.1450378469301849
2025-07-28 10:00:00,MEDIUM,5,⚠️ 뉴스+고래 동시 급증,9.0,0.0,0.11111111110987654,118764.53,0.5947790963281019
2025-07-28 12:00:00,MEDIUM,5,⚠️ 뉴스+고래 동시 급증,8.0,0.0,0.249999999996875,118845.24,0.0149376209158225
2025-07-28 13:00:00,HIGH,7,뉴스 급증 (10건); ⚠️ 뉴스+고래 동시 급증,10.0,0.0,0.099999999999,118434.78,-0.3453735294741356
2025-07-28 16:00:00,CRITICAL,11,뉴스 급증 (10건); 규제 관련 뉴스 (3건); ⚠️ 뉴스+고래 동시 급증,10.0,0.0,0.199999999998,118028.88,-0.1235626177809257
2025-07-28 17:00:00,MEDIUM,5,⚠️ 뉴스+고래 동시 급증,8.0,0.0781125,0.1249999999984375,117667.86,-0.3058742911057011
2025-07-28 18:00:00,MEDIUM,5,⚠️ 뉴스+고래 동시 급증,8.0,0.05505,0.249999999996875,117776.56,0.0923786665279591
2025-07-29 05:00:00,MEDIUM,5,⚠️ 뉴스+고래 동시 급증,9.0,-0.011411111111111111,0.0,118800.0,0.2244673740253056
2025-07-29 06:00:00,MEDIUM,5,⚠️ 뉴스+고래 동시 급증,9.0,0.0,0.0,118764.85,-0.0295875420875391
2025-07-29 08:00:00,HIGH,7,뉴스 급증 (15건); ⚠️ 뉴스+고래 동시 급증,15.0,0.0,0.19999999999866666,118923.8,0.0348495744154631
2025-07-29 11:00:00,HIGH,7,뉴스 급증 (11건); ⚠️ 뉴스+고래 동시 급증,11.0,0.04170909090909091,0.09090909090826446,118592.38,0.2321122570366762
2025-07-29 13:00:00,HIGH,7,뉴스 급증 (11건); ⚠️ 뉴스+고래 동시 급증,11.0,0.03639090909090909,0.09090909090826446,118621.27,-0.2401711928286753
2025-07-29 16:00:00,HIGH,7,뉴스 급증 (11건); ⚠️ 뉴스+고래 동시 급증,11.0,0.04333636363636364,0.09090909090826446,117739.03,0.2887733995934116
2025-07-30 06:00:00,MEDIUM,4,규제 관련 뉴스 (3건),5.0,0.0,0.0,118287.31,0.2500587750416949
2025-07-30 07:00:00,HIGH,7,뉴스 급증 (11건); ⚠️ 뉴스+고래 동시 급증,11.0,0.0,0.09090909090826446,118123.01,-0.1388990923878452
2025-07-30 15:00:00,HIGH,6,뉴스 급증 (13건); 규제 관련 뉴스 (4건),13.0,0.0,0.0,118000.01,-0.6017301194000679
2025-07-30 16:00:00,MEDIUM,5,⚠️ 뉴스+고래 동시 급증,9.0,0.0,0.11111111110987654,117734.8,-0.2247542182411632
2025-07-31 07:00:00,MEDIUM,5,⚠️ 뉴스+고래 동시 급증,9.0,0.05673333333333334,0.11111111110987654,118665.97,-0.0217453980385196
2025-07-31 08:00:00,HIGH,7,뉴스 급증 (11건); ⚠️ 뉴스+고래 동시 급증,11.0,0.0,0.09090909090826446,118593.94,-0.0606997945577836
2025-07-31 09:00:00,CRITICAL,11,뉴스 급증 (10건); ⚠️ 뉴스+고래 동시 급증; 뉴스+가격급변 (BTC -2.4%),10.0,0.0,0.199999999998,115764.08,-2.386175887233366
2025-07-31 15:00:00,CRITICAL,11,뉴스 급증 (13건); 규제 관련 뉴스 (4건); ⚠️ 뉴스+고래 동시 급증,13.0,0.0,0.0,118306.18,0.3332960742810975
2025-07-31 16:00:00,MEDIUM,5,⚠️ 뉴스+고래 동시 급증,9.0,0.0,0.11111111110987654,118538.53,0.1963971789132212
2025-08-01 08:00:00,CRITICAL,11,뉴스 급증 (13건); 규제 관련 뉴스 (3건); ⚠️ 뉴스+고래 동시 급증,13.0,0.0,0.0769230769224852,114615.99,-0.4047383004275984
2025-08-01 10:00:00,MEDIUM,5,⚠️ 뉴스+고래 동시 급증,8.0,0.04515,0.0,114762.58,1.2927420651021704
2025-08-01 11:00:00,HIGH,7,뉴스 급증 (16건); ⚠️ 뉴스+고래 동시 급증,16.0,-0.027525,0.0,115305.65,0.4732117385300993
2025-08-01 15:00:00,HIGH,7,뉴스 급증 (14건); ⚠️ 뉴스+고래 동시 급증,14.0,0.0,0.07142857142806122,115357.82,-0.2265874876102525
2025-08-02 07:00:00,HIGH,7,뉴스 급증 (13건); ⚠️ 뉴스+고래 동시 급증,13.0,-0.021015384615384616,0.0769230769224852,113982.49,0.2503477418438482
2025-08-02 08:00:00,MEDIUM,5,⚠️ 뉴스+고래 동시 급증,8.0,0.074925,0.1249999999984375,113682.01,-0.2636194383891843
2025-08-04 14:00:00,HIGH,6,뉴스 급증 (13건); 규제 관련 뉴스 (4건),13.0,0.0,0.0769230769224852,114736.78,-0.1541154123418375
2025-08-04 15:00:00,CRITICAL,11,뉴스 급증 (13건); 규제 관련 뉴스 (3건); ⚠️ 뉴스+고래 동시 급증,13.0,0.0,0.0769230769224852,114826.0,0.0777605925493141
2025-08-04 16:00:00,MEDIUM,5,⚠️ 뉴스+고래 동시 급증,8.0,0.0,0.1249999999984375,115301.0,0.4136693780154354
2025-08-04 21:00:00,HIGH,7,뉴스 급증 (11건); ⚠️ 뉴스+고래 동시 급증,11.0,0.0,0.18181818181652892,115111.09,0.2605390588227729
2025-08-05 05:00:00,HIGH,7,뉴스 급증 (11건); ⚠️ 뉴스+고래 동시 급증,11.0,0.04333636363636364,0.0,114405.99,0.0594115380303073
2025-08-05 07:00:00,HIGH,9,규제 관련 뉴스 (3건); ⚠️ 뉴스+고래 동시 급증,9.0,0.0,0.11111111110987654,113969.7,-0.1829852048496394
2025-08-05 08:00:00,HIGH,7,뉴스 급증 (10건); ⚠️ 뉴스+고래 동시 급증,10.0,0.0,0.199999999998,114281.09,0.2732217422700911
2025-08-05 11:00:00,MEDIUM,5,⚠️ 뉴스+고래 동시 급증,8.0,0.0,0.0,114827.07,-0.0123648928647357
2025-08-05 13:00:00,MEDIUM,5,⚠️ 뉴스+고래 동시 급증,8.0,-0.047725,0.0,114381.43,0.3897580556331936
2025-08-05 16:00:00,HIGH,7,뉴스 급증 (17건); ⚠️ 뉴스+고래 동시 급증,17.0,0.0,0.05882352941141869,113175.73,0.2140453716329871
2025-08-06 09:00:00,CRITICAL,11,뉴스 급증 (14건); 규제 관련 뉴스 (3건); ⚠️ 뉴스+고래 동시 급증,14.0,0.0,0.0,114992.27,0.9162495035025532
2025-08-06 10:00:00,HIGH,7,뉴스 급증 (10건); ⚠️ 뉴스+고래 동시 급증,10.0,0.0,0.0,114067.2,-0.8044627695409479
2025-08-06 13:00:00,HIGH,7,뉴스 급증 (12건); ⚠️ 뉴스+고래 동시 급증,12.0,0.0,0.0,114270.09,0.3123224816969916
2025-08-06 16:00:00,MEDIUM,5,⚠️ 뉴스+고래 동시 급증,9.0,0.0,0.0,115132.49,-0.2438008533982905
2025-08-06 17:00:00,MEDIUM,5,⚠️ 뉴스+고래 동시 급증,8.0,0.0,0.1249999999984375,115500.0,0.3192061597903306
2025-08-06 22:00:00,MEDIUM,5,⚠️ 뉴스+고래 동시 급증,8.0,0.0,0.1249999999984375,115106.67,0.0503177869422
2025-08-07 00:00:00,MEDIUM,5,⚠️ 뉴스+고래 동시 급증,8.0,0.0,0.1249999999984375,114890.65,-0.0883711574699797
2025-08-07 07:00:00,HIGH,7,뉴스 급증 (12건); ⚠️ 뉴스+고래 동시 급증,12.0,0.0,0.24999999999791667,114787.99,0.1203488774226935
2025-08-07 09:00:00,HIGH,6,뉴스 급증 (10건); 뉴스+가격급변 (BTC 2.2%),10.0,0.0,0.0,117472.01,2.19512627976608
2025-08-07 14:00:00,HIGH,7,뉴스 급증 (15건); ⚠️ 뉴스+고래 동시 급증,15.0,0.048646666666666664,0.06666666666622222,116363.16,-0.2373456790123462
2025-08-07 16:00:00,HIGH,6,뉴스 급증 (17건); 규제 관련 뉴스 (3건),17.0,0.0,0.0,116259.24,-0.3689868035606447
2025-08-08 05:00:00,HIGH,7,뉴스 급증 (10건); ⚠️ 뉴스+고래 동시 급증,10.0,0.0,0.099999999999,116530.63,-0.1879057654898597
2025-08-08 06:00:00,HIGH,7,뉴스 급증 (11건); ⚠️ 뉴스+고래 동시 급증,11.0,0.0,0.18181818181652892,116740.01,0.1796780812049148
2025-08-08 07:00:00,HIGH,7,뉴스 급증 (11건); ⚠️ 뉴스+고래 동시 급증,11.0,0.0,0.18181818181652892,116817.19,0.0661127234784508
2025-08-08 08:00:00,HIGH,7,뉴스 급증 (10건); ⚠️ 뉴스+고래 동시 급증,10.0,0.0,0.599999999994,116620.63,-0.1682629071971364
2025-08-08 13:00:00,MEDIUM,5,⚠️ 뉴스+고래 동시 급증,9.0,0.0,0.0,116917.97,0.3583590385207058
2025-08-08 16:00:00,CRITICAL,11,뉴스 급증 (12건); 규제 관련 뉴스 (3건); ⚠️ 뉴스+고래 동시 급증,12.0,0.0,0.16666666666527777,116193.63,-0.0120990271814225
2025-08-08 17:00:00,MEDIUM,5,⚠️ 뉴스+고래 동시 급증,8.0,0.083175,0.1249999999984375,116708.86,0.4434236196941166
2025-08-08 18:00:00,MEDIUM,5,⚠️ 뉴스+고래 동시 급증,8.0,0.0,0.0,116497.99,-0.1806803699393455
2025-08-08 20:00:00,MEDIUM,5,⚠️ 뉴스+고래 동시 급증,9.0,0.0,0.22222222221975307,116888.52,0.3736344002292391
2025-08-09 06:00:00,MEDIUM,5,⚠️ 뉴스+고래 동시 급증,8.0,-0.069675,0.3749999999953125,116650.75,-0.0757928590072065
2025-08-09 08:00:00,MEDIUM,5,⚠️ 뉴스+고래 동시 급증,9.0,0.0,0.3333333333296296,117106.65,0.3003185874542957
2025-08-09 09:00:00,HIGH,7,뉴스 급증 (10건); ⚠️ 뉴스+고래 동시 급증,10.0,0.0,0.199999999998,116462.25,-0.5502676406506368
2025-08-11 10:00:00,HIGH,6,뉴스 급증 (10건); 뉴스+가격급변 (BTC 2.1%),10.0,0.02023,0.199999999998,121184.84,2.105421026911336
2025-08-11 15:00:00,MEDIUM,5,⚠️ 뉴스+고래 동시 급증,9.0,0.0,0.22222222221975307,120314.4,0.0588887939889426
2025-08-11 17:00:00,HIGH,7,뉴스 급증 (11건); ⚠️ 뉴스+고래 동시 급증,11.0,0.0,0.0,119500.0,-0.3781877416818902
2025-08-11 18:00:00,HIGH,7,뉴스 급증 (10건); ⚠️ 뉴스+고래 동시 급증,10.0,0.0,0.199999999998,119773.92,0.2292217573221844
2025-08-11 21:00:00,HIGH,7,뉴스 급증 (10건); ⚠️ 뉴스+고래 동시 급증,10.0,0.0,0.0,118712.61,-0.0940295565706406
2025-08-12 07:00:00,MEDIUM,5,⚠️ 뉴스+고래 동시 급증,9.0,0.05673333333333334,0.3333333333296296,118986.72,0.1234853896378451
2025-08-12 08:00:00,HIGH,7,뉴스 급증 (13건); ⚠️ 뉴스+고래 동시 급증,13.0,0.0,0.46153846153491124,118814.7,-0.1445707554590947
2025-08-12 16:00:00,CRITICAL,11,뉴스 급증 (12건); 규제 관련 뉴스 (3건); ⚠️ 뉴스+고래 동시 급증,12.0,0.039725,0.08333333333263888,119647.7,-0.237882817906665
2025-08-12 17:00:00,HIGH,7,뉴스 급증 (11건); ⚠️ 뉴스+고래 동시 급증,11.0,0.0,0.09090909090826446,119269.99,-0.3156851322674736
2025-08-12 18:00:00,MEDIUM,5,⚠️ 뉴스+고래 동시 급증,9.0,0.0,0.0,119344.9,0.0628070816472758
2025-08-13 06:00:00,HIGH,7,뉴스 급증 (12건); ⚠️ 뉴스+고래 동시 급증,12.0,0.0,0.16666666666527777,119410.01,0.2849735732613823
2025-08-13 07:00:00,MEDIUM,5,⚠️ 뉴스+고래 동시 급증,9.0,0.0,0.22222222221975307,119580.4,0.1426932298221883
2025-08-13 10:00:00,HIGH,6,뉴스 급증 (14건); 뉴스+가격급변 (BTC -2.3%),14.0,0.0,0.07142857142806122,120496.0,-2.279224205907182
2025-08-13 14:00:00,HIGH,7,뉴스 급증 (10건); ⚠️ 뉴스+고래 동시 급증,10.0,0.0,0.199999999998,120890.73,-0.720419335232414
2025-08-13 15:00:00,MEDIUM,5,⚠️ 뉴스+고래 동시 급증,9.0,0.0,0.11111111110987654,120920.62,0.02472480727016
2025-08-14 08:00:00,HIGH,7,뉴스 급증 (10건); ⚠️ 뉴스+고래 동시 급증,10.0,0.0,0.299999999997,121637.78,-0.0719078061908407
2025-08-14 09:00:00,CRITICAL,11,뉴스 급증 (12건); ⚠️ 뉴스+고래 동시 급증; 뉴스+가격급변 (BTC -2.7%),12.0,0.0,0.33333333333055554,118295.09,-2.7480688976730727
2025-08-14 11:00:00,HIGH,7,뉴스 급증 (12건); ⚠️ 뉴스+고래 동시 급증,12.0,0.0,0.08333333333263888,120949.67,0.0137844922394991
2025-08-14 14:00:00,HIGH,7,뉴스 급증 (15건); ⚠️ 뉴스+고래 동시 급증,15.0,0.0,0.19999999999866666,118799.01,0.3125589752834612
2025-08-14 16:00:00,HIGH,7,뉴스 급증 (11건); ⚠️ 뉴스+고래 동시 급증,11.0,0.0,0.09090909090826446,117866.42,-0.3304913652228514
2025-08-14 17:00:00,HIGH,7,뉴스 급증 (10건); ⚠️ 뉴스+고래 동시 급증,10.0,0.0,0.099999999999,117920.13,0.0455685342780398
2025-08-15 12:00:00,MEDIUM,5,⚠️ 뉴스+고래 동시 급증,9.0,0.0,0.0,118648.66,-0.3002789522982829
2025-08-18 11:00:00,MEDIUM,5,⚠️ 뉴스+고래 동시 급증,8.0,0.0,0.0,114947.27,-0.0967420248016215
2025-08-18 14:00:00,HIGH,7,뉴스 급증 (12건); ⚠️ 뉴스+고래 동시 급증,12.0,0.0,0.08333333333263888,115633.73,0.6919244337709518
2025-08-18 15:00:00,HIGH,9,규제 관련 뉴스 (3건); ⚠️ 뉴스+고래 동시 급증,9.0,0.0,0.0,116145.34,0.442440108089559
2025-08-18 16:00:00,MEDIUM,5,⚠️ 뉴스+고래 동시 급증,8.0,0.0,0.0,115962.24,-0.1576473063835237
2025-08-18 17:00:00,CRITICAL,11,뉴스 급증 (15건); 규제 관련 뉴스 (3건); ⚠️ 뉴스+고래 동시 급증,15.0,0.0,0.13333333333244443,116428.99,0.4025017109017481
2025-08-19 06:00:00,MEDIUM,5,⚠️ 뉴스+고래 동시 급증,8.0,0.0,0.0,115019.99,0.0409574778056587
2025-08-19 07:00:00,HIGH,7,뉴스 급증 (11건); ⚠️ 뉴스+고래 동시 급증,11.0,0.0,0.09090909090826446,114978.14,-0.0363849796891857
2025-08-19 09:00:00,HIGH,6,뉴스 급증 (13건); 뉴스+가격급변 (BTC -2.0%),13.0,0.0,0.0,112872.94,-2.0085169717834916
2025-08-19 10:00:00,CRITICAL,15,뉴스 급증 (13건); 규제 관련 뉴스 (3건); ⚠️ 뉴스+고래 동시 급증; 뉴스+가격급변 (BTC 2.2%),13.0,0.0,0.0769230769224852,115400.0,2.2388537057686175
2025-08-19 13:00:00,MEDIUM,5,⚠️ 뉴스+고래 동시 급증,8.0,0.0,0.1249999999984375,115192.0,-0.3529325564820551
2025-08-19 14:00:00,HIGH,7,뉴스 급증 (11건); ⚠️ 뉴스+고래 동시 급증,11.0,0.0,0.09090909090826446,113882.66,-1.136658795749701
2025-08-19 15:00:00,MEDIUM,5,⚠️ 뉴스+고래 동시 급증,9.0,0.01976666666666667,0.0,113786.38,-0.0845431604776347
2025-08-19 16:00:00,HIGH,7,뉴스 급증 (13건); ⚠️ 뉴스+고래 동시 급증,13.0,0.0,0.0769230769224852,113388.3,-0.3498485495364245
2025-08-19 17:00:00,HIGH,7,뉴스 급증 (12건); ⚠️ 뉴스+고래 동시 급증,12.0,0.05485,0.08333333333263888,113520.11,0.1162465615941021
2025-08-20 05:00:00,HIGH,9,규제 관련 뉴스 (3건); ⚠️ 뉴스+고래 동시 급증,9.0,0.0,0.0,113708.0,0.0655880701346145
2025-08-20 08:00:00,MEDIUM,4,규제 관련 뉴스 (3건),7.0,0.0,0.0,114010.0,0.4580750766608465
2025-08-20 10:00:00,HIGH,7,뉴스 급증 (16건); ⚠️ 뉴스+고래 동시 급증,16.0,0.0319125,0.06249999999960938,113792.2,-0.4192130933382776
2025-08-20 14:00:00,HIGH,7,뉴스 급증 (10건); ⚠️ 뉴스+고래 동시 급증,10.0,0.0,0.099999999999,113465.84,0.6856583563419782
2025-08-20 16:00:00,HIGH,7,뉴스 급증 (12건); ⚠️ 뉴스+고래 동시 급증,12.0,0.0,0.0,113839.99,0.4287896830052817
2025-08-20 17:00:00,MEDIUM,5,⚠️ 뉴스+고래 동시 급증,8.0,0.0,0.1249999999984375,114197.53,0.3140724098798619
2025-08-21 06:00:00,MEDIUM,4,규제 관련 뉴스 (3건),5.0,0.0,0.199999999996,113807.2,-0.1648491619641201
2025-08-21 07:00:00,HIGH,7,뉴스 급증 (11건); ⚠️ 뉴스+고래 동시 급증,11.0,0.0,0.0,113896.03,0.0780530581544924
2025-08-21 09:00:00,MEDIUM,5,⚠️ 뉴스+고래 동시 급증,9.0,0.0,0.0,112500.0,-0.9582400323272288
2025-08-21 10:00:00,MEDIUM,5,⚠️ 뉴스+고래 동시 급증,9.0,0.0,0.11111111110987654,113329.74,0.7375466666666775
2025-08-21 11:00:00,MEDIUM,5,⚠️ 뉴스+고래 동시 급증,8.0,0.0425,0.1249999999984375,113148.66,-0.1597815366028432
2025-08-21 13:00:00,HIGH,7,뉴스 급증 (13건); ⚠️ 뉴스+고래 동시 급증,13.0,0.0,0.0769230769224852,113486.98,0.3463362621025201
2025-08-21 16:00:00,HIGH,7,뉴스 급증 (13건); ⚠️ 뉴스+고래 동시 급증,13.0,0.0,0.1538461538449704,112379.58,-0.3657171673755788
2025-08-22 06:00:00,MEDIUM,5,⚠️ 뉴스+고래 동시 급증,8.0,0.0,0.0,112998.3,-0.2151940282928643
2025-08-22 10:00:00,CRITICAL,11,뉴스 급증 (10건); ⚠️ 뉴스+고래 동시 급증; 뉴스+가격급변 (BTC -3.8%),10.0,0.0,0.0,112534.54,-3.7639823291358065
2025-08-22 11:00:00,HIGH,9,규제 관련 뉴스 (3건); ⚠️ 뉴스+고래 동시 급증,9.0,0.0,0.0,112320.0,-0.1906436903727493
2025-08-22 14:00:00,CRITICAL,11,뉴스 급증 (13건); ⚠️ 뉴스+고래 동시 급증; 뉴스+가격급변 (BTC 3.0%),13.0,0.0,0.0769230769224852,115808.23,2.9524449512481787
2025-08-22 15:00:00,MEDIUM,4,규제 관련 뉴스 (3건),5.0,0.0,0.0,116370.75,0.4857340449810898
2025-08-23 00:00:00,MEDIUM,5,⚠️ 뉴스+고래 동시 급증,9.0,0.0,0.11111111110987654,116870.22,-0.0562444462136935
2025-08-23 09:00:00,MEDIUM,5,⚠️ 뉴스+고래 동시 급증,8.0,0.0,0.0,115438.05,-0.2661601097298072
2025-08-24 08:00:00,MEDIUM,4,규제 관련 뉴스 (3건),7.0,0.0,0.0,114838.02,-0.0436685441732476
2025-08-25 07:00:00,HIGH,9,규제 관련 뉴스 (3건); ⚠️ 뉴스+고래 동시 급증,8.0,0.0,0.1249999999984375,111511.55,-0.3737340175593795
2025-08-25 09:00:00,HIGH,7,뉴스 급증 (13건); ⚠️ 뉴스+고래 동시 급증,13.0,-0.04610769230769231,0.1538461538449704,110111.98,-1.16889842686263
2025-08-25 13:00:00,MEDIUM,5,⚠️ 뉴스+고래 동시 급증,9.0,0.0,0.0,111491.69,-0.0847953481031837
2025-08-25 14:00:00,HIGH,7,뉴스 급증 (11건); ⚠️ 뉴스+고래 동시 급증,11.0,0.0,0.2727272727247934,112260.0,0.6891186239978975
2025-08-26 04:00:00,MEDIUM,4,규제 관련 뉴스 (3건),7.0,0.0,0.14285714285510204,110100.01,0.2006287611635793
2025-08-26 06:00:00,HIGH,7,뉴스 급증 (10건); ⚠️ 뉴스+고래 동시 급증,10.0,0.0,0.0,109988.18,-0.1886002950560517
2025-08-26 07:00:00,MEDIUM,5,⚠️ 뉴스+고래 동시 급증,8.0,0.0,0.0,110303.2,0.2864125945169826
2025-08-26 08:00:00,HIGH,7,뉴스 급증 (13건); ⚠️ 뉴스+고래 동시 급증,13.0,0.0,0.0,110102.02,-0.1823881809412508
2025-08-26 09:00:00,MEDIUM,5,⚠️ 뉴스+고래 동시 급증,9.0,0.0,0.11111111110987654,111763.22,1.508782491002436
2025-08-26 10:00:00,MEDIUM,5,⚠️ 뉴스+고래 동시 급증,9.0,0.0,0.11111111110987654,110216.53,-1.3838989248878164
2025-08-26 12:00:00,MEDIUM,5,⚠️ 뉴스+고래 동시 급증,8.0,0.0,0.1249999999984375,110216.81,0.3097022002517047
2025-08-26 15:00:00,HIGH,7,뉴스 급증 (10건); ⚠️ 뉴스+고래 동시 급증,10.0,0.0,0.0,109666.33,-0.6268681790820518
2025-08-26 17:00:00,MEDIUM,5,⚠️ 뉴스+고래 동시 급증,9.0,0.0,0.11111111110987654,109988.07,-0.1504895335468936
2025-08-27 07:00:00,HIGH,7,뉴스 급증 (12건); ⚠️ 뉴스+고래 동시 급증,12.0,0.0,0.08333333333263888,110725.18,-0.283600274459439
2025-08-27 09:00:00,HIGH,7,뉴스 급증 (13건); ⚠️ 뉴스+고래 동시 급증,13.0,0.0,0.23076923076745562,111262.01,0.4568600837101311
2025-08-27 14:00:00,HIGH,7,뉴스 급증 (18건); ⚠️ 뉴스+고래 동시 급증,18.0,0.05076666666666666,0.05555555555524692,111815.94,0.2948319466873572
2025-08-27 15:00:00,HIGH,7,뉴스 급증 (10건); ⚠️ 뉴스+고래 동시 급증,10.0,0.0,0.099999999999,112000.0,0.1646098042908717
2025-08-27 16:00:00,MEDIUM,5,⚠️ 뉴스+고래 동시 급증,8.0,0.0,0.1249999999984375,112121.46,0.1084464285714403
2025-08-27 17:00:00,MEDIUM,5,⚠️ 뉴스+고래 동시 급증,9.0,0.0,0.11111111110987654,112345.29,0.1996317208141862
2025-08-27 18:00:00,MEDIUM,5,⚠️ 뉴스+고래 동시 급증,8.0,0.0,0.0,111947.21,-0.3543361719925975
2025-08-28 07:00:00,MEDIUM,5,⚠️ 뉴스+고래 동시 급증,8.0,0.0,0.0,113114.11,-0.0880369863103247
2025-08-28 09:00:00,HIGH,7,뉴스 급증 (10건); ⚠️ 뉴스+고래 동시 급증,10.0,0.0,0.099999999999,112566.9,-0.4964178342697023
2025-08-28 14:00:00,MEDIUM,5,⚠️ 뉴스+고래 동시 급증,8.0,0.0796125,0.0,113153.06,0.2845469370391429
2025-08-28 16:00:00,HIGH,7,뉴스 급증 (10건); ⚠️ 뉴스+고래 동시 급증,10.0,0.0,0.0,112329.44,-0.3098105734961165
2025-08-29 08:00:00,HIGH,7,뉴스 급증 (14건); ⚠️ 뉴스+고래 동시 급증,14.0,0.0,0.14285714285612244,109628.02,-0.3557191469357512
2025-08-29 09:00:00,MEDIUM,5,⚠️ 뉴스+고래 동시 급증,8.0,0.0,0.249999999996875,108377.4,-1.140784992741828
2025-08-29 10:00:00,MEDIUM,5,⚠️ 뉴스+고래 동시 급증,8.0,0.0,0.0,110008.01,1.5045664502008729
2025-08-29 11:00:00,HIGH,7,뉴스 급증 (12건); ⚠️ 뉴스+고래 동시 급증,12.0,0.0,0.08333333333263888,110098.81,0.0825394441732019
2025-08-29 15:00:00,HIGH,7,뉴스 급증 (13건); ⚠️ 뉴스+고래 동시 급증,13.0,0.0,0.1538461538449704,108386.23,0.1733477869922062
2025-08-29 17:00:00,MEDIUM,5,⚠️ 뉴스+고래 동시 급증,9.0,0.0,0.0,108466.01,-0.2204668808903909
2025-09-01 13:00:00,MEDIUM,5,⚠️ 뉴스+고래 동시 급증,9.0,0.027777777777777776,0.11111111110987654,109023.61,-0.0775926517760816
2025-09-01 15:00:00,HIGH,7,뉴스 급증 (11건); ⚠️ 뉴스+고래 동시 급증,11.0,0.0,0.0,108784.33,-0.3319113925674299
2025-09-01 16:00:00,HIGH,7,뉴스 급증 (11건); ⚠️ 뉴스+고래 동시 급증,11.0,0.0,0.0,108774.23,-0.0092844254314994
2025-09-01 17:00:00,HIGH,7,뉴스 급증 (11건); ⚠️ 뉴스+고래 동시 급증,11.0,0.0,0.09090909090826446,108927.61,0.1410076633040713
2025-09-01 19:00:00,MEDIUM,5,⚠️ 뉴스+고래 동시 급증,8.0,0.0658375,0.1249999999984375,109217.64,-0.0204686927865238
2025-09-02 07:00:00,HIGH,7,뉴스 급증 (11건); ⚠️ 뉴스+고래 동시 급증,11.0,0.032836363636363636,0.09090909090826446,110233.92,-0.1292936738510719
2025-09-02 08:00:00,HIGH,7,뉴스 급증 (13건); ⚠️ 뉴스+고래 동시 급증,13.0,0.0,0.1538461538449704,110360.0,0.1143749582705577
2025-09-02 09:00:00,HIGH,7,뉴스 급증 (17건); ⚠️ 뉴스+고래 동시 급증,17.0,0.0,0.11764705882283738,111240.01,0.7973994200797252
2025-09-02 12:00:00,MEDIUM,5,⚠️ 뉴스+고래 동시 급증,9.0,0.0,0.11111111110987654,108795.99,-0.8542071169983401
2025-09-02 13:00:00,MEDIUM,4,뉴스+가격급변 (BTC 2.2%),9.0,0.0,0.0,111149.99,2.163682687201973
2025-09-02 14:00:00,HIGH,7,뉴스 급증 (10건); ⚠️ 뉴스+고래 동시 급증,10.0,0.0,0.099999999999,111360.01,0.1889518838463111
2025-09-02 16:00:00,HIGH,7,뉴스 급증 (10건); ⚠️ 뉴스+고래 동시 급증,10.0,0.03612,0.199999999998,110785.85,-0.0390871825531102
2025-09-02 20:00:00,MEDIUM,5,⚠️ 뉴스+고래 동시 급증,8.0,0.0,0.0,111418.49,0.5527588758731605
2025-09-03 06:00:00,MEDIUM,5,⚠️ 뉴스+고래 동시 급증,8.0,0.0,0.1249999999984375,110724.0,0.0347199729829217
2025-09-03 08:00:00,HIGH,6,뉴스 급증 (14건); 규제 관련 뉴스 (3건),14.0,0.0,0.07142857142806122,111019.99,-0.0719082684877747
2025-09-03 15:00:00,HIGH,7,뉴스 급증 (11건); ⚠️ 뉴스+고래 동시 급증,11.0,0.0,0.0,112222.74,-0.0344107683702632
2025-09-03 16:00:00,HIGH,7,뉴스 급증 (12건); ⚠️ 뉴스+고래 동시 급증,12.0,0.0,0.0,111858.66,-0.3244262259146424
2025-09-04 05:00:00,MEDIUM,4,규제 관련 뉴스 (3건),6.0,0.0,0.16666666666388888,110653.07,-0.2383574451089387
2025-09-04 07:00:00,HIGH,7,뉴스 급증 (11건); ⚠️ 뉴스+고래 동시 급증,11.0,0.0,0.0,110463.36,0.0628748223974184
2025-09-04 08:00:00,HIGH,7,뉴스 급증 (15건); ⚠️ 뉴스+고래 동시 급증,15.0,-0.03716,0.3333333333311111,110640.97,0.1607863458073399
2025-09-04 09:00:00,HIGH,7,뉴스 급증 (11건); ⚠️ 뉴스+고래 동시 급증,11.0,0.03653636363636364,0.18181818181652892,110730.87,0.0812538067950674
2025-09-04 14:00:00,HIGH,7,뉴스 급증 (14건); ⚠️ 뉴스+고래 동시 급증,14.0,0.0,0.14285714285612244,109842.01,-0.5630703215527277
2025-09-04 15:00:00,HIGH,7,뉴스 급증 (14건); ⚠️ 뉴스+고래 동시 급증,14.0,0.0,0.07142857142806122,109510.31,-0.3019791790044634
2025-09-04 17:00:00,MEDIUM,5,⚠️ 뉴스+고래 동시 급증,9.0,0.0,0.0,109786.48,0.3181152053293168
2025-09-05 11:00:00,HIGH,7,뉴스 급증 (11건); ⚠️ 뉴스+고래 동시 급증,11.0,0.03345454545454545,0.0,112354.0,0.0869794816079849
2025-09-05 14:00:00,MEDIUM,4,뉴스+가격급변 (BTC -2.2%),9.0,0.050977777777777775,0.11111111110987654,110569.99,-2.2232733567636664
2025-09-05 17:00:00,MEDIUM,5,⚠️ 뉴스+고래 동시 급증,9.0,0.0,0.0,110608.18,-0.1869956702768793
2025-09-08 05:00:00,MEDIUM,5,⚠️ 뉴스+고래 동시 급증,8.0,-0.053475,0.1249999999984375,111027.16,0.0430800865206082
2025-09-08 08:00:00,CRITICAL,11,뉴스 급증 (13건); 규제 관련 뉴스 (3건); ⚠️ 뉴스+고래 동시 급증,13.0,0.04051538461538461,0.0769230769224852,111684.25,0.362921086096124
2025-09-08 09:00:00,HIGH,7,뉴스 급증 (10건); ⚠️ 뉴스+고래 동시 급증,10.0,0.04939,0.0,112065.23,0.3411224053525785
2025-09-08 11:00:00,MEDIUM,5,⚠️ 뉴스+고래 동시 급증,8.0,0.0,0.1249999999984375,112052.43,0.0039536627159719
2025-09-08 12:00:00,MEDIUM,5,⚠️ 뉴스+고래 동시 급증,8.0,0.0,0.249999999996875,112034.51,-0.0159925135046146
2025-09-08 13:00:00,MEDIUM,5,⚠️ 뉴스+고래 동시 급증,8.0,0.0,0.0,111906.55,-0.1142148075624072
2025-09-08 14:00:00,MEDIUM,5,⚠️ 뉴스+고래 동시 급증,9.0,0.0,0.0,112645.05,0.6599256254437247
2025-09-08 15:00:00,HIGH,7,뉴스 급증 (10건); ⚠️ 뉴스+고래 동시 급증,10.0,0.03612,0.0,112631.75,-0.0118069990647673
2025-09-08 16:00:00,HIGH,7,뉴스 급증 (11건); ⚠️ 뉴스+고래 동시 급증,11.0,0.0,0.18181818181652892,112398.0,-0.2075347315477205
2025-09-08 17:00:00,HIGH,7,뉴스 급증 (16건); ⚠️ 뉴스+고래 동시 급증,16.0,0.0,0.06249999999960938,112214.4,-0.1633481022794036
2025-09-08 18:00:00,MEDIUM,5,⚠️ 뉴스+고래 동시 급증,9.0,0.04088888888888889,0.0,112477.01,0.234025223144263
2025-09-08 19:00:00,MEDIUM,5,⚠️ 뉴스+고래 동시 급증,8.0,0.0,0.0,112097.31,-0.3375800974794729
2025-09-09 05:00:00,MEDIUM,5,⚠️ 뉴스+고래 동시 급증,9.0,0.0,0.22222222221975307,112200.0,0.1571002502052998
2025-09-09 08:00:00,HIGH,7,뉴스 급증 (15건); ⚠️ 뉴스+고래 동시 급증,15.0,0.0,0.0,112992.69,0.0013983400995121
2025-09-09 09:00:00,HIGH,7,뉴스 급증 (10건); ⚠️ 뉴스+고래 동시 급증,10.0,0.0,0.299999999997,111546.39,-1.279994307596366
2025-09-09 10:00:00,HIGH,7,뉴스 급증 (18건); ⚠️ 뉴스+고래 동시 급증,18.0,0.0,0.0,112732.62,1.0634409594071137
2025-09-09 14:00:00,MEDIUM,5,⚠️ 뉴스+고래 동시 급증,8.0,0.0,0.1249999999984375,111767.45,-0.8807421884491906
2025-09-09 15:00:00,HIGH,7,뉴스 급증 (13건); ⚠️ 뉴스+고래 동시 급증,13.0,0.0,0.1538461538449704,110880.76,-0.7933347320709272
2025-09-09 17:00:00,HIGH,7,뉴스 급증 (17건); ⚠️ 뉴스+고래 동시 급증,17.0,0.0,0.05882352941141869,111025.44,0.0445591879829176
2025-09-09 18:00:00,HIGH,7,뉴스 급증 (11건); ⚠️ 뉴스+고래 동시 급증,11.0,0.0,0.0,111131.92,0.0959059473216283
2025-09-10 06:00:00,HIGH,7,뉴스 급증 (10건); ⚠️ 뉴스+고래 동시 급증,10.0,0.04588,0.0,111792.33,0.1927094316936051
2025-09-10 11:00:00,MEDIUM,5,⚠️ 뉴스+고래 동시 급증,9.0,0.051644444444444444,0.22222222221975307,112299.99,0.0267034802971855
2025-09-10 13:00:00,MEDIUM,5,⚠️ 뉴스+고래 동시 급증,9.0,0.0,0.11111111110987654,113952.0,0.4748023405677148
2025-09-10 17:00:00,HIGH,7,뉴스 급증 (13건); ⚠️ 뉴스+고래 동시 급증,13.0,0.0,0.1538461538449704,113738.01,-0.0192334925780968
2025-09-11 07:00:00,MEDIUM,5,⚠️ 뉴스+고래 동시 급증,9.0,0.030355555555555556,0.22222222221975307,114083.58,-0.2108556825545227
2025-09-11 11:00:00,MEDIUM,5,⚠️ 뉴스+고래 동시 급증,9.0,0.0,0.22222222221975307,113999.99,-0.0546455656872502
2025-09-11 13:00:00,HIGH,7,뉴스 급증 (13건); ⚠️ 뉴스+고래 동시 급증,13.0,-0.022769230769230767,0.0,114628.08,0.5721292703840586
2025-09-11 14:00:00,HIGH,7,뉴스 급증 (10건); ⚠️ 뉴스+고래 동시 급증,10.0,0.0,0.099999999999,114463.73,-0.1433767363110405
2025-09-11 16:00:00,MEDIUM,5,⚠️ 뉴스+고래 동시 급증,8.0,0.0,0.1249999999984375,114487.53,0.2690656558911097
2025-09-11 18:00:00,MEDIUM,5,⚠️ 뉴스+고래 동시 급증,8.0,0.0,0.3749999999953125,114312.35,-0.2421593397809007
2025-09-11 19:00:00,HIGH,7,뉴스 급증 (10건); ⚠️ 뉴스+고래 동시 급증,10.0,0.0,0.199999999998,114419.99,0.0941630541231974
2025-09-12 07:00:00,CRITICAL,11,뉴스 급증 (11건); 규제 관련 뉴스 (3건); ⚠️ 뉴스+고래 동시 급증,11.0,0.0,0.0,115086.7,-0.2005757990946821
2025-09-12 09:00:00,HIGH,7,뉴스 급증 (12건); ⚠️ 뉴스+고래 동시 급증,12.0,0.0,0.16666666666527777,116029.42,0.8530526388985438
2025-09-12 10:00:00,MEDIUM,5,⚠️ 뉴스+고래 동시 급증,9.0,0.0,0.11111111110987654,114980.85,-0.903710455503437
2025-09-12 12:00:00,HIGH,7,뉴스 급증 (13건); ⚠️ 뉴스+고래 동시 급증,13.0,0.0,0.23076923076745562,115083.97,0.1483899404290722
2025-09-12 15:00:00,MEDIUM,5,⚠️ 뉴스+고래 동시 급증,9.0,0.0,0.11111111110987654,115121.18,-0.1204407426687592
2025-09-12 17:00:00,MEDIUM,5,⚠️ 뉴스+고래 동시 급증,8.0,0.0,0.0,115815.16,0.2767205942808548
2025-09-12 18:00:00,MEDIUM,5,⚠️ 뉴스+고래 동시 급증,8.0,0.0,0.0,116486.18,0.5793887432353317
2025-09-13 08:00:00,MEDIUM,5,⚠️ 뉴스+고래 동시 급증,8.0,0.0,0.3749999999953125,115978.01,0.1721387291324871
2025-09-14 16:00:00,MEDIUM,5,⚠️ 뉴스+고래 동시 급증,8.0,0.0,0.1249999999984375,115480.0,0.2221672375401606
2025-09-14 17:00:00,MEDIUM,4,규제 관련 뉴스 (3건),7.0,0.0,0.0,115557.65,0.0672410807066148
2025-09-15 08:00:00,MEDIUM,5,⚠️ 뉴스+고래 동시 급증,9.0,0.0,0.11111111110987654,114737.27,-0.9233928077686636
2025-09-15 11:00:00,MEDIUM,5,⚠️ 뉴스+고래 동시 급증,8.0,0.0,0.0,115070.0,0.2622309988826288
2025-09-15 13:00:00,MEDIUM,5,⚠️ 뉴스+고래 동시 급증,9.0,0.0,0.22222222221975307,114664.08,-0.0496508748525914
2025-09-15 15:00:00,MEDIUM,5,⚠️ 뉴스+고래 동시 급증,8.0,0.0,0.3749999999953125,114842.9,0.1424316591378538
2025-09-15 16:00:00,MEDIUM,5,⚠️ 뉴스+고래 동시 급증,8.0,0.05505,0.0,114662.57,-0.1570232030016494
2025-09-15 17:00:00,HIGH,7,뉴스 급증 (11건); ⚠️ 뉴스+고래 동시 급증,11.0,0.0,0.09090909090826446,115120.03,0.398961928029351
2025-09-16 07:00:00,HIGH,7,뉴스 급증 (13건); ⚠️ 뉴스+고래 동시 급증,13.0,0.0,0.1538461538449704,115840.0,0.0601622090630193
2025-09-16 08:00:00,HIGH,7,뉴스 급증 (10건); ⚠️ 뉴스+고래 동시 급증,10.0,0.0,0.199999999998,115658.76,-0.1564571823204463
2025-09-16 09:00:00,HIGH,7,뉴스 급증 (17건); ⚠️ 뉴스+고래 동시 급증,17.0,0.0,0.11764705882283738,116788.96,0.9771849533922072
2025-09-16 10:00:00,HIGH,7,뉴스 급증 (10건); ⚠️ 뉴스+고래 동시 급증,10.0,0.025,0.0,115372.46,-1.2128714905929483
2025-09-16 15:00:00,CRITICAL,11,뉴스 급증 (13건); 규제 관련 뉴스 (5건); ⚠️ 뉴스+고래 동시 급증,13.0,0.0,0.1538461538449704,115905.88,0.5282190685852228
2025-09-17 05:00:00,HIGH,7,뉴스 급증 (12건); ⚠️ 뉴스+고래 동시 급증,12.0,0.0,0.0,117108.3,0.6833343234735612
2025-09-17 07:00:00,MEDIUM,5,⚠️ 뉴스+고래 동시 급증,9.0,0.0,0.11111111110987654,117162.48,-0.0612363603236576
2025-09-17 08:00:00,HIGH,7,뉴스 급증 (13건); ⚠️ 뉴스+고래 동시 급증,13.0,0.03242307692307692,0.0769230769224852,116860.0,-0.25817138729054
2025-09-17 09:00:00,HIGH,7,뉴스 급증 (14건); ⚠️ 뉴스+고래 동시 급증,14.0,0.0,0.35714285714030614,116447.59,-0.3529094643162755
2025-09-17 10:00:00,MEDIUM,5,⚠️ 뉴스+고래 동시 급증,8.0,0.0,0.0,116359.14,-0.0759569176141838
2025-09-17 14:00:00,CRITICAL,11,뉴스 급증 (14건); 규제 관련 뉴스 (4건); ⚠️ 뉴스+고래 동시 급증,14.0,0.0,0.0,115606.61,-0.4311360907106598
2025-09-17 15:00:00,MEDIUM,5,⚠️ 뉴스+고래 동시 급증,9.0,0.0,0.11111111110987654,115875.32,0.2324348062796799
2025-09-18 06:00:00,MEDIUM,5,⚠️ 뉴스+고래 동시 급증,8.0,0.0,0.1249999999984375,117102.43,-0.1457534771750479
2025-09-18 07:00:00,HIGH,7,뉴스 급증 (14건); ⚠️ 뉴스+고래 동시 급증,14.0,0.0,0.42857142856836733,117086.01,-0.0140219122694573
2025-09-18 09:00:00,MEDIUM,5,⚠️ 뉴스+고래 동시 급증,8.0,0.0,0.1249999999984375,117073.53,-0.1331233863395731
2025-09-18 12:00:00,MEDIUM,5,⚠️ 뉴스+고래 동시 급증,8.0,0.055825,0.0,117124.69,0.0523562445649217
2025-09-18 14:00:00,HIGH,7,뉴스 급증 (13건); ⚠️ 뉴스+고래 동시 급증,13.0,0.0,0.0769230769224852,117640.54,0.1775495001193894
2025-09-18 16:00:00,HIGH,7,뉴스 급증 (10건); ⚠️ 뉴스+고래 동시 급증,10.0,0.0,0.099999999999,117565.6,-0.0152742441205111
2025-09-18 17:00:00,MEDIUM,5,⚠️ 뉴스+고래 동시 급증,8.0,0.0,0.0,117579.93,0.0121889396217822
2025-09-19 05:00:00,MEDIUM,5,⚠️ 뉴스+고래 동시 급증,8.0,0.0658375,0.1249999999984375,116894.83,-0.0819039812155919
2025-09-19 07:00:00,HIGH,7,뉴스 급증 (12건); ⚠️ 뉴스+고래 동시 급증,12.0,0.0,0.16666666666527777,116909.97,0.2058974155683124
2025-09-19 10:00:00,MEDIUM,5,⚠️ 뉴스+고래 동시 급증,9.0,0.0,0.0,116532.68,0.7785881428713948
2025-09-19 11:00:00,MEDIUM,5,⚠️ 뉴스+고래 동시 급증,9.0,0.0,0.0,116394.72,-0.1183873914167188
2025-09-19 12:00:00,HIGH,7,뉴스 급증 (14건); ⚠️ 뉴스+고래 동시 급증,14.0,0.0,0.14285714285612244,116162.45,-0.1995537254610879
2025-09-19 14:00:00,MEDIUM,5,⚠️ 뉴스+고래 동시 급증,9.0,0.044477777777777776,0.11111111110987654,115899.99,-0.3307831541637829
2025-09-19 15:00:00,HIGH,7,뉴스 급증 (10건); ⚠️ 뉴스+고래 동시 급증,10.0,0.0,0.0,115884.03,-0.0137704929914161
2025-09-20 07:00:00,MEDIUM,5,⚠️ 뉴스+고래 동시 급증,8.0,0.0,0.249999999996875,115968.56,0.231719044159373
2025-09-22 07:00:00,HIGH,7,뉴스 급증 (11건); ⚠️ 뉴스+고래 동시 급증,11.0,0.049754545454545454,0.0,112519.99,-0.2489167405506198
2025-09-22 08:00:00,HIGH,7,뉴스 급증 (12건); ⚠️ 뉴스+고래 동시 급증,12.0,0.0,0.08333333333263888,112629.07,0.0969427743461315
2025-09-22 10:00:00,HIGH,7,뉴스 급증 (11건); ⚠️ 뉴스+고래 동시 급증,11.0,0.054881818181818184,0.0,112792.16,0.1253162533236596
2025-09-22 11:00:00,MEDIUM,5,⚠️ 뉴스+고래 동시 급증,9.0,0.0,0.11111111110987654,112876.97,0.0751913962814487
2025-09-22 13:00:00,CRITICAL,11,뉴스 급증 (10건); 규제 관련 뉴스 (3건); ⚠️ 뉴스+고래 동시 급증,10.0,0.0,0.199999999998,113130.63,0.3476891021845674
2025-09-22 14:00:00,MEDIUM,5,⚠️ 뉴스+고래 동시 급증,8.0,-0.0875375,0.1249999999984375,112933.16,-0.1745504290040611
2025-09-22 16:00:00,MEDIUM,5,⚠️ 뉴스+고래 동시 급증,8.0,0.0,0.249999999996875,112600.68,-0.1904170969414753
2025-09-22 17:00:00,HIGH,7,뉴스 급증 (11건); ⚠️ 뉴스+고래 동시 급증,11.0,0.0,0.0,112398.66,-0.1794127708642512
2025-09-22 21:00:00,MEDIUM,5,⚠️ 뉴스+고래 동시 급증,8.0,0.0,0.1249999999984375,112969.99,0.166790977415876
2025-09-23 06:00:00,MEDIUM,5,⚠️ 뉴스+고래 동시 급증,8.0,0.0,0.1249999999984375,112974.96,0.2747248845786254
2025-09-23 07:00:00,HIGH,7,뉴스 급증 (11건); ⚠️ 뉴스+고래 동시 급증,11.0,0.0,0.18181818181652892,113090.13,0.101942943816935
2025-09-23 08:00:00,MEDIUM,5,⚠️ 뉴스+고래 동시 급증,8.0,0.077075,0.1249999999984375,113133.84,0.0386505878099185
2025-09-23 09:00:00,HIGH,7,뉴스 급증 (12건); ⚠️ 뉴스+고래 동시 급증,12.0,0.051383333333333336,0.0,111998.8,-1.0032718769202864
2025-09-23 11:00:00,MEDIUM,5,⚠️ 뉴스+고래 동시 급증,8.0,0.0658375,0.0,112975.99,0.0059042578993917
2025-09-23 12:00:00,HIGH,7,뉴스 급증 (11건); ⚠️ 뉴스+고래 동시 급증,11.0,0.0,0.0,112941.02,-0.0309534795844723
2025-09-23 13:00:00,HIGH,7,뉴스 급증 (12건); ⚠️ 뉴스+고래 동시 급증,12.0,0.0,0.08333333333263888,112952.31,0.0099963680157966
2025-09-23 14:00:00,HIGH,7,뉴스 급증 (11건); ⚠️ 뉴스+고래 동시 급증,11.0,0.0,0.0,112652.91,-0.2650676201309987
2025-09-23 15:00:00,CRITICAL,11,뉴스 급증 (14건); 규제 관련 뉴스 (3건); ⚠️ 뉴스+고래 동시 급증,14.0,0.0,0.0,112882.19,0.2035278094458359
2025-09-23 17:00:00,MEDIUM,5,⚠️ 뉴스+고래 동시 급증,8.0,0.0,0.0,111957.76,-0.7674544773998204
2025-09-24 05:00:00,HIGH,7,뉴스 급증 (10건); ⚠️ 뉴스+고래 동시 급증,10.0,0.0,0.199999999998,112636.84,0.4234146113569981
2025-09-24 06:00:00,MEDIUM,5,⚠️ 뉴스+고래 동시 급증,8.0,0.0,0.0,112596.69,-0.0356455312489178
2025-09-24 07:00:00,HIGH,7,뉴스 급증 (10건); ⚠️ 뉴스+고래 동시 급증,10.0,0.01779,0.199999999998,112583.54,-0.0116788513054966
2025-09-24 10:00:00,HIGH,7,뉴스 급증 (10건); ⚠️ 뉴스+고래 동시 급증,10.0,0.0,0.0,112941.98,-0.3221513233957362
2025-09-24 11:00:00,HIGH,7,뉴스 급증 (10건); ⚠️ 뉴스+고래 동시 급증,10.0,0.0,0.099999999999,113029.46,0.0774556989349806
2025-09-24 12:00:00,MEDIUM,5,⚠️ 뉴스+고래 동시 급증,9.0,0.0,0.0,113070.69,0.036477215763031
2025-09-24 13:00:00,HIGH,7,뉴스 급증 (12건); ⚠️ 뉴스+고래 동시 급증,12.0,0.0,0.08333333333263888,112823.62,-0.2185093236806157
2025-09-24 14:00:00,HIGH,7,뉴스 급증 (11건); ⚠️ 뉴스+고래 동시 급증,11.0,0.0,0.09090909090826446,113720.64,0.7950640123052244
2025-09-24 15:00:00,HIGH,9,규제 관련 뉴스 (3건); ⚠️ 뉴스+고래 동시 급증,8.0,0.0,0.1249999999984375,113346.41,-0.3290783449688583
2025-09-24 16:00:00,HIGH,7,뉴스 급증 (10건); ⚠️ 뉴스+고래 동시 급증,10.0,0.0,0.0,113732.01,0.3401960414979088
2025-09-25 06:00:00,MEDIUM,5,⚠️ 뉴스+고래 동시 급증,8.0,0.0,0.3749999999953125,111533.26,-0.1938704022222515
2025-09-25 07:00:00,HIGH,7,뉴스 급증 (14건); ⚠️ 뉴스+고래 동시 급증,14.0,0.0,0.14285714285612244,111766.72,0.2093187269878171
2025-09-25 08:00:00,MEDIUM,5,⚠️ 뉴스+고래 동시 급증,8.0,0.0,0.3749999999953125,111727.21,-0.0353504155798711
2025-09-25 09:00:00,HIGH,9,⚠️ 뉴스+고래 동시 급증; 뉴스+가격급변 (BTC -2.4%),8.0,0.0,0.1249999999984375,108994.49,-2.4458858321083965
2025-09-25 11:00:00,CRITICAL,11,뉴스 급증 (13건); 규제 관련 뉴스 (4건); ⚠️ 뉴스+고래 동시 급증,13.0,0.013684615384615385,0.0769230769224852,111348.0,-0.2688713538481879
2025-09-25 13:00:00,HIGH,7,뉴스 급증 (13건); ⚠️ 뉴스+고래 동시 급증,13.0,0.0,0.0769230769224852,111000.0,-0.0999000999000965
2025-09-25 14:00:00,HIGH,7,뉴스 급증 (13건); ⚠️ 뉴스+고래 동시 급증,13.0,0.03799230769230769,0.1538461538449704,111540.0,0.4864864864864815
2025-09-25 15:00:00,MEDIUM,5,⚠️ 뉴스+고래 동시 급증,9.0,0.0,0.0,111580.77,0.0365519096288347
2025-09-25 16:00:00,HIGH,7,뉴스 급증 (10건); ⚠️ 뉴스+고래 동시 급증,10.0,-0.04404,0.0,110957.29,-0.5587701178258686
2025-09-26 06:00:00,HIGH,7,뉴스 급증 (13건); ⚠️ 뉴스+고래 동시 급증,13.0,0.027784615384615387,0.0769230769224852,109360.0,0.098130217086445
2025-09-26 07:00:00,HIGH,7,뉴스 급증 (12건); ⚠️ 뉴스+고래 동시 급증,12.0,0.0,0.33333333333055554,109320.02,-0.0365581565471839
2025-09-26 09:00:00,MEDIUM,5,⚠️ 뉴스+고래 동시 급증,8.0,0.0,0.0,109643.46,0.0696011215035152
2025-09-26 14:00:00,MEDIUM,5,⚠️ 뉴스+고래 동시 급증,8.0,0.0,0.0,108836.0,-0.760218886287034
2025-09-26 15:00:00,MEDIUM,5,⚠️ 뉴스+고래 동시 급증,8.0,0.0,0.0,109027.78,0.176210077547867
2025-09-27 16:00:00,MEDIUM,5,⚠️ 뉴스+고래 동시 급증,8.0,0.0,0.249999999996875,109389.04,-0.0120655664820112
2025-09-28 08:00:00,MEDIUM,5,⚠️ 뉴스+고래 동시 급증,8.0,0.0,0.0,109509.91,-0.0028763692659028
2025-09-29 10:00:00,HIGH,7,뉴스 급증 (11건); ⚠️ 뉴스+고래 동시 급증,11.0,0.0,0.09090909090826446,112090.18,-1.9436111496994868
2025-09-29 11:00:00,HIGH,7,뉴스 급증 (11건); ⚠️ 뉴스+고래 동시 급증,11.0,0.0,0.09090909090826446,112100.0,0.0087608031319019
2025-09-29 13:00:00,HIGH,7,뉴스 급증 (12건); ⚠️ 뉴스+고래 동시 급증,12.0,0.0,0.08333333333263888,113227.29,1.075796074633795
2025-09-29 15:00:00,HIGH,7,뉴스 급증 (12건); ⚠️ 뉴스+고래 동시 급증,12.0,0.0,0.08333333333263888,113815.57,-0.1911367647743578
2025-09-29 16:00:00,MEDIUM,5,⚠️ 뉴스+고래 동시 급증,9.0,0.0,0.3333333333296296,113626.15,-0.1664271417346596
2025-09-29 17:00:00,HIGH,7,뉴스 급증 (10건); ⚠️ 뉴스+고래 동시 급증,10.0,0.0,0.0,114043.91,0.3676618454466762
2025-09-29 18:00:00,MEDIUM,5,⚠️ 뉴스+고래 동시 급증,9.0,0.07601111111111111,0.11111111110987654,114008.79,-0.030795156006147
2025-09-29 20:00:00,HIGH,7,뉴스 급증 (11건); ⚠️ 뉴스+고래 동시 급증,11.0,0.0,0.09090909090826446,114258.29,-0.0063536210170189
2025-09-29 21:00:00,MEDIUM,5,⚠️ 뉴스+고래 동시 급증,8.0,0.0,0.249999999996875,114176.73,-0.0713821290341365
2025-09-30 05:00:00,MEDIUM,5,⚠️ 뉴스+고래 동시 급증,8.0,0.0,0.249999999996875,113904.0,-0.164455534555874
2025-09-30 06:00:00,HIGH,7,뉴스 급증 (11건); ⚠️ 뉴스+고래 동시 급증,11.0,0.0,0.45454545454132234,113891.64,-0.0108512431521323
2025-09-30 07:00:00,CRITICAL,11,뉴스 급증 (22건); 규제 관련 뉴스 (5건); ⚠️ 뉴스+고래 동시 급증,22.0,0.03316818181818182,0.18181818181735537,113699.23,-0.1689412848914995
2025-09-30 08:00:00,HIGH,7,뉴스 급증 (19건); ⚠️ 뉴스+고래 동시 급증,19.0,0.0,0.21052631578836567,113451.89,-0.2175388522859811
2025-09-30 09:00:00,HIGH,7,뉴스 급증 (16건); ⚠️ 뉴스+고래 동시 급증,16.0,0.0,0.18749999999882816,114048.93,0.52624949659279
2025-09-30 10:00:00,CRITICAL,11,뉴스 급증 (14건); 규제 관련 뉴스 (4건); ⚠️ 뉴스+고래 동시 급증,14.0,0.0,0.14285714285612244,112923.49,-0.9868045232866218
2025-09-30 11:00:00,CRITICAL,11,뉴스 급증 (14건); 규제 관련 뉴스 (4건); ⚠️ 뉴스+고래 동시 급증,14.0,0.0,0.14285714285612244,113055.01,0.1164682388048676
2025-09-30 12:00:00,MEDIUM,5,⚠️ 뉴스+고래 동시 급증,9.0,0.0,0.0,113002.06,-0.0468356068430764
2025-09-30 13:00:00,CRITICAL,11,뉴스 급증 (16건); 규제 관련 뉴스 (3건); ⚠️ 뉴스+고래 동시 급증,16.0,0.0,0.0,113404.53,0.3561616487345542
2025-09-30 14:00:00,HIGH,7,뉴스 급증 (15건); ⚠️ 뉴스+고래 동시 급증,15.0,0.0,0.06666666666622222,113595.05,0.1680003435488908
2025-09-30 15:00:00,HIGH,7,뉴스 급증 (17건); ⚠️ 뉴스+고래 동시 급증,17.0,0.0,0.0,113106.16,-0.4303796688324035
2025-09-30 16:00:00,HIGH,7,뉴스 급증 (13건); ⚠️ 뉴스+고래 동시 급증,13.0,0.015561538461538462,0.0769230769224852,112841.24,-0.2342224331548292
2025-09-30 17:00:00,MEDIUM,5,⚠️ 뉴스+고래 동시 급증,9.0,0.0,0.11111111110987654,113246.11,0.3587961280822505
2025-09-30 18:00:00,MEDIUM,5,⚠️ 뉴스+고래 동시 급증,8.0,0.0,0.1249999999984375,113714.56,0.4136565927076896
2025-09-30 20:00:00,HIGH,7,뉴스 급증 (10건); ⚠️ 뉴스+고래 동시 급증,10.0,0.061660000000000006,0.399999999996,114626.36,0.2329223708396499
2025-09-30 22:00:00,MEDIUM,5,⚠️ 뉴스+고래 동시 급증,8.0,0.0,0.249999999996875,113940.39,-0.1932446282005284
2025-09-30 23:00:00,MEDIUM,5,⚠️ 뉴스+고래 동시 급증,9.0,0.06406666666666666,0.0,114048.93,0.095260337444869
2025-10-01 00:00:00,MEDIUM,5,⚠️ 뉴스+고래 동시 급증,8.0,0.0,0.0,114239.53,0.1671212522555087
2025-10-01 06:00:00,HIGH,7,뉴스 급증 (15건); ⚠️ 뉴스+고래 동시 급증,15.0,0.03404,0.06666666666622222,114256.81,-0.273221992803685
2025-10-01 07:00:00,HIGH,7,뉴스 급증 (18건); ⚠️ 뉴스+고래 동시 급증,18.0,0.02121111111111111,0.05555555555524692,114539.02,0.2469962184310947
2025-10-01 08:00:00,HIGH,7,뉴스 급증 (15건); ⚠️ 뉴스+고래 동시 급증,15.0,0.0,0.19999999999866666,116111.28,1.3726850465457074
2025-10-01 09:00:00,CRITICAL,11,뉴스 급증 (13건); ⚠️ 뉴스+고래 동시 급증; 뉴스+가격급변 (BTC 2.1%),13.0,0.0,0.0769230769224852,118594.99,2.1390772713899997
2025-10-01 10:00:00,HIGH,7,뉴스 급증 (13건); ⚠️ 뉴스+고래 동시 급증,13.0,0.027784615384615387,0.0,116281.64,-1.950630460865177
2025-10-01 11:00:00,HIGH,6,뉴스 급증 (11건); 규제 관련 뉴스 (3건),11.0,0.0,0.0,116789.58,0.4368187445584759
2025-10-01 12:00:00,MEDIUM,5,⚠️ 뉴스+고래 동시 급증,8.0,0.0,0.1249999999984375,116402.65,-0.3313052414436357
2025-10-01 13:00:00,HIGH,7,뉴스 급증 (11건); ⚠️ 뉴스+고래 동시 급증,11.0,0.0,0.18181818181652892,116806.96,0.3473374532281026
2025-10-01 14:00:00,CRITICAL,11,뉴스 급증 (14건); 규제 관련 뉴스 (3건); ⚠️ 뉴스+고래 동시 급증,14.0,0.0,0.07142857142806122,117292.74,0.4158827521921537
2025-10-01 15:00:00,HIGH,7,뉴스 급증 (15건); ⚠️ 뉴스+고래 동시 급증,15.0,0.0,0.13333333333244443,117423.73,0.1116778412713292
2025-10-01 16:00:00,HIGH,7,뉴스 급증 (13건); ⚠️ 뉴스+고래 동시 급증,13.0,0.0,0.0769230769224852,117535.79,0.0954321583890971
2025-10-01 17:00:00,HIGH,7,뉴스 급증 (16건); ⚠️ 뉴스+고래 동시 급증,16.0,0.0,0.0,116768.07,-0.6531797676265105
2025-10-01 18:00:00,HIGH,7,뉴스 급증 (10건); ⚠️ 뉴스+고래 동시 급증,10.0,0.0,0.299999999997,117234.01,0.3990303171063747
2025-10-01 20:00:00,MEDIUM,5,⚠️ 뉴스+고래 동시 급증,9.0,0.0,0.22222222221975307,117536.12,0.0822465825603968
2025-10-01 21:00:00,HIGH,7,뉴스 급증 (14건); ⚠️ 뉴스+고래 동시 급증,14.0,0.03762142857142857,0.14285714285612244,117554.96,0.0160291151350078
2025-10-01 22:00:00,MEDIUM,5,⚠️ 뉴스+고래 동시 급증,8.0,0.0,0.3749999999953125,117745.39,0.1619923140631307
2025-10-02 05:00:00,HIGH,7,뉴스 급증 (10건); ⚠️ 뉴스+고래 동시 급증,10.0,0.0,0.199999999998,118377.34,-0.2399250847195944
2025-10-02 06:00:00,HIGH,7,뉴스 급증 (21건); ⚠️ 뉴스+고래 동시 급증,21.0,0.0,0.23809523809410432,118649.06,0.2295371732461637
2025-10-02 07:00:00,HIGH,7,뉴스 급증 (16건); ⚠️ 뉴스+고래 동시 급증,16.0,0.0,0.06249999999960938,118489.76,-0.1342614935171071
2025-10-02 08:00:00,HIGH,7,뉴스 급증 (10건); ⚠️ 뉴스+고래 동시 급증,10.0,0.034,0.199999999998,118668.89,0.1511776207496762
2025-10-02 09:00:00,HIGH,7,뉴스 급증 (15건); ⚠️ 뉴스+고래 동시 급증,15.0,0.0,0.26666666666488886,120529.35,1.5677739970433755
2025-10-02 11:00:00,HIGH,7,뉴스 급증 (11건); ⚠️ 뉴스+고래 동시 급증,11.0,0.0,0.36363636363305785,118765.73,0.1232258828139265
2025-10-02 12:00:00,MEDIUM,5,⚠️ 뉴스+고래 동시 급증,9.0,0.0,0.0,119402.42,0.5360889879597375
2025-10-02 13:00:00,HIGH,7,뉴스 급증 (14건); ⚠️ 뉴스+고래 동시 급증,14.0,0.0,0.21428571428418366,119621.2,0.1832291171318001
2025-10-02 15:00:00,MEDIUM,5,⚠️ 뉴스+고래 동시 급증,8.0,0.0,0.0,119910.78,0.9230302567650116
2025-10-02 17:00:00,HIGH,7,뉴스 급증 (10건); ⚠️ 뉴스+고래 동시 급증,10.0,0.0,0.099999999999,119917.52,0.1554479443153678
2025-10-02 18:00:00,HIGH,7,뉴스 급증 (10건); ⚠️ 뉴스+고래 동시 급증,10.0,0.02023,0.299999999997,120506.61,0.4912459830723525
2025-10-02 21:00:00,HIGH,7,뉴스 급증 (10건); ⚠️ 뉴스+고래 동시 급증,10.0,0.0,0.299999999997,120150.1,-0.4159980426351684
2025-10-03 06:00:00,MEDIUM,5,⚠️ 뉴스+고래 동시 급증,8.0,0.0,0.249999999996875,119916.93,-0.0028935860787671
2025-10-03 07:00:00,HIGH,7,뉴스 급증 (15건); ⚠️ 뉴스+고래 동시 급증,15.0,0.02408,0.13333333333244443,119640.21,-0.2307597434323849
2025-10-03 08:00:00,HIGH,7,뉴스 급증 (12건); ⚠️ 뉴스+고래 동시 급증,12.0,0.0,0.08333333333263888,120038.6,0.3329900540963715
2025-10-03 09:00:00,HIGH,7,뉴스 급증 (11건); ⚠️ 뉴스+고래 동시 급증,11.0,0.0,0.2727272727247934,122232.0,1.827245569341862
2025-10-03 10:00:00,MEDIUM,5,⚠️ 뉴스+고래 동시 급증,9.0,0.0,0.22222222221975307,120425.95,-1.4775590680018325
2025-10-03 17:00:00,MEDIUM,5,⚠️ 뉴스+고래 동시 급증,8.0,0.0,0.1249999999984375,122073.25,-0.3917071184537657
2025-10-04 06:00:00,MEDIUM,5,⚠️ 뉴스+고래 동시 급증,8.0,0.063825,0.1249999999984375,122430.27,-0.0754390819007411
2025-10-04 07:00:00,HIGH,7,뉴스 급증 (10건); ⚠️ 뉴스+고래 동시 급증,10.0,0.0,0.299999999997,122324.08,-0.086735086020806
2025-10-04 08:00:00,MEDIUM,5,⚠️ 뉴스+고래 동시 급증,8.0,0.0,0.3749999999953125,122267.57,-0.046196954843225
2025-10-04 09:00:00,HIGH,7,뉴스 급증 (12건); ⚠️ 뉴스+고래 동시 급증,12.0,0.0,0.24999999999791667,122391.0,0.1009507263455056
2025-10-04 13:00:00,MEDIUM,5,⚠️ 뉴스+고래 동시 급증,8.0,0.0,0.249999999996875,122385.42,0.3112971353286919
2025-10-06 09:00:00,MEDIUM,5,⚠️ 뉴스+고래 동시 급증,9.0,0.0,0.3333333333296296,124658.54,0.6556420021389231
2025-10-06 10:00:00,MEDIUM,5,⚠️ 뉴스+고래 동시 급증,9.0,0.022477777777777777,0.22222222221975307,123978.0,-0.5459232877266129
2025-10-06 16:00:00,MEDIUM,5,⚠️ 뉴스+고래 동시 급증,8.0,0.0,0.3749999999953125,125455.24,0.3641919999999965
2025-10-06 17:00:00,MEDIUM,5,⚠️ 뉴스+고래 동시 급증,9.0,0.0,0.44444444443950615,125284.0,-0.1364948965065227
2025-10-06 23:00:00,MEDIUM,5,⚠️ 뉴스+고래 동시 급증,8.0,0.0,0.1249999999984375,124658.54,-0.3043767179122358
2025-10-07 07:00:00,MEDIUM,5,⚠️ 뉴스+고래 동시 급증,9.0,0.0,0.3333333333296296,123667.99,-0.1798760909200281
2025-10-07 08:00:00,HIGH,7,뉴스 급증 (15건); ⚠️ 뉴스+고래 동시 급증,15.0,0.0,0.3333333333311111,123861.75,0.1566775687063426
2025-10-07 09:00:00,CRITICAL,11,뉴스 급증 (11건); ⚠️ 뉴스+고래 동시 급증; 뉴스+가격급변 (BTC -2.0%),11.0,0.0,0.36363636363305785,121332.95,-2.0416310927304004
2025-10-07 15:00:00,MEDIUM,5,⚠️ 뉴스+고래 동시 급증,8.0,0.0,0.1249999999984375,121846.01,-0.7165185744820834
2025-10-08 06:00:00,MEDIUM,5,⚠️ 뉴스+고래 동시 급증,8.0,0.0,0.1249999999984375,121784.29,0.3380295336703476
2025-10-08 07:00:00,HIGH,7,뉴스 급증 (14건); ⚠️ 뉴스+고래 동시 급증,14.0,0.0,0.14285714285612244,121597.06,-0.1537390413820949
2025-10-08 08:00:00,HIGH,7,뉴스 급증 (10건); ⚠️ 뉴스+고래 동시 급증,10.0,0.0,0.199999999998,122381.85,0.6454021174525204
2025-10-08 09:00:00,HIGH,7,뉴스 급증 (14건); ⚠️ 뉴스+고래 동시 급증,14.0,0.0,0.07142857142806122,123306.0,0.7551364846993147
2025-10-08 10:00:00,HIGH,7,뉴스 급증 (13건); ⚠️ 뉴스+고래 동시 급증,13.0,0.0,0.23076923076745562,122934.6,-0.3012018879859801
2025-10-08 14:00:00,MEDIUM,5,⚠️ 뉴스+고래 동시 급증,9.0,0.0,0.3333333333296296,122320.0,-0.2276037398008967
2025-10-08 17:00:00,MEDIUM,5,⚠️ 뉴스+고래 동시 급증,9.0,0.01976666666666667,0.11111111110987654,124033.19,0.7981729206167687
2025-10-08 18:00:00,HIGH,7,뉴스 급증 (11건); ⚠️ 뉴스+고래 동시 급증,11.0,0.03653636363636364,0.0,123460.22,-0.4619489347972072
2025-10-08 21:00:00,MEDIUM,5,⚠️ 뉴스+고래 동시 급증,9.0,0.0,0.11111111110987654,123277.33,0.3423826573872413
2025-10-09 07:00:00,HIGH,7,뉴스 급증 (24건); ⚠️ 뉴스+고래 동시 급증,24.0,0.019116666666666667,0.2083333333324653,121906.1,-0.0419982990770839
2025-10-09 08:00:00,HIGH,7,뉴스 급증 (13건); ⚠️ 뉴스+고래 동시 급증,13.0,0.039276923076923084,0.1538461538449704,121261.62,-0.5286691970295299
2025-10-09 09:00:00,HIGH,7,뉴스 급증 (13건); ⚠️ 뉴스+고래 동시 급증,13.0,0.0,0.38461538461242606,121662.4,0.3305085318833667
2025-10-09 14:00:00,HIGH,7,뉴스 급증 (13건); ⚠️ 뉴스+고래 동시 급증,13.0,0.04051538461538461,0.23076923076745562,121315.0,-0.8991817555487613
2025-10-09 16:00:00,MEDIUM,5,⚠️ 뉴스+고래 동시 급증,9.0,0.0,0.0,119819.77,-1.0956676319391456
2025-10-09 21:00:00,MEDIUM,5,⚠️ 뉴스+고래 동시 급증,9.0,0.054877777777777775,0.11111111110987654,121461.02,0.2905892530445042
2025-10-09 22:00:00,MEDIUM,5,⚠️ 뉴스+고래 동시 급증,9.0,0.0,0.0,121686.19,0.1853845785256824
2025-10-10 07:00:00,HIGH,7,뉴스 급증 (15건); ⚠️ 뉴스+고래 동시 급증,15.0,0.0,0.19999999999866666,120932.05,-0.3675537069347978
2025-10-10 08:00:00,CRITICAL,11,뉴스 급증 (24건); 규제 관련 뉴스 (4건); ⚠️ 뉴스+고래 동시 급증,24.0,0.0,0.16666666666597224,121631.54,0.5784157301558901
2025-10-10 10:00:00,CRITICAL,11,뉴스 급증 (11건); ⚠️ 뉴스+고래 동시 급증; 뉴스+가격급변 (BTC 7.7%),11.0,0.0,0.0,121496.33,7.733867141951412
2025-10-10 11:00:00,HIGH,7,뉴스 급증 (13건); ⚠️ 뉴스+고래 동시 급증,13.0,0.0,0.38461538461242606,121554.55,0.0479191429074488
2025-10-10 12:00:00,MEDIUM,5,⚠️ 뉴스+고래 동시 급증,8.0,0.0,0.3749999999953125,121597.21,0.0350953543080123
2025-10-10 15:00:00,HIGH,7,뉴스 급증 (11건); ⚠️ 뉴스+고래 동시 급증,11.0,0.0,0.18181818181652892,119018.98,-1.2234635373938652
2025-10-10 16:00:00,MEDIUM,5,⚠️ 뉴스+고래 동시 급증,9.0,0.03777777777777778,0.3333333333296296,118205.61,-0.6833952030172008
2025-10-10 21:00:00,MEDIUM,5,⚠️ 뉴스+고래 동시 급증,8.0,0.0,0.249999999996875,113451.86,-0.7132079110979128
2025-10-10 22:00:00,MEDIUM,5,⚠️ 뉴스+고래 동시 급증,8.0,0.0,0.0,113700.0,0.2187183180601959
2025-10-11 07:00:00,HIGH,7,뉴스 급증 (15건); ⚠️ 뉴스+고래 동시 급증,15.0,0.0,0.19999999999866666,110384.61,-1.4827661391541125
2025-10-11 09:00:00,MEDIUM,5,⚠️ 뉴스+고래 동시 급증,8.0,0.040675,0.249999999996875,110644.4,-0.6143806278327335
2025-10-11 10:00:00,HIGH,7,뉴스 급증 (14건); ⚠️ 뉴스+고래 동시 급증,14.0,-0.034050000000000004,0.2857142857122449,112114.64,1.328797480938948
2025-10-11 11:00:00,HIGH,7,뉴스 급증 (11건); ⚠️ 뉴스+고래 동시 급증,11.0,0.0,0.0,112280.0,0.1474918886596787
2025-10-12 06:00:00,HIGH,7,뉴스 급증 (10건); ⚠️ 뉴스+고래 동시 급증,10.0,0.0,0.0,111686.01,-0.0128647727071329
2025-10-12 07:00:00,HIGH,7,뉴스 급증 (11건); ⚠️ 뉴스+고래 동시 급증,11.0,0.0,0.18181818181652892,111525.2,-0.1439840137542725
2025-10-12 10:00:00,HIGH,9,⚠️ 뉴스+고래 동시 급증; 뉴스+가격급변 (BTC -2.9%),9.0,0.0,0.11111111110987654,111651.64,-2.8768219570837528
2025-10-13 07:00:00,HIGH,7,뉴스 급증 (10건); ⚠️ 뉴스+고래 동시 급증,10.0,0.00772,0.399999999996,115399.67,0.1548759855172443
2025-10-13 09:00:00,MEDIUM,5,⚠️ 뉴스+고래 동시 급증,9.0,0.0,0.11111111110987654,115166.0,-0.0765525048408211
2025-10-13 10:00:00,HIGH,7,뉴스 급증 (12건); ⚠️ 뉴스+고래 동시 급증,12.0,0.0,0.24999999999791667,114810.62,-0.3085806574857241
2025-10-13 11:00:00,MEDIUM,5,⚠️ 뉴스+고래 동시 급증,9.0,0.0,0.0,114180.0,-0.5492697452552653
2025-10-13 13:00:00,HIGH,7,뉴스 급증 (11건); ⚠️ 뉴스+고래 동시 급증,11.0,0.0,0.2727272727247934,115345.79,0.8159352852570079
2025-10-13 14:00:00,HIGH,7,뉴스 급증 (12건); ⚠️ 뉴스+고래 동시 급증,12.0,0.0,0.08333333333263888,114036.63,-1.1349872414068929
2025-10-13 15:00:00,HIGH,7,뉴스 급증 (12건); ⚠️ 뉴스+고래 동시 급증,12.0,0.0,0.0,114312.1,0.2415627329569458
2025-10-13 16:00:00,HIGH,7,뉴스 급증 (11건); ⚠️ 뉴스+고래 동시 급증,11.0,0.0,0.09090909090826446,114669.24,0.3124253687929901
2025-10-13 19:00:00,MEDIUM,5,⚠️ 뉴스+고래 동시 급증,9.0,0.054877777777777775,0.0,115792.84,0.5489810189471811
2025-10-13 20:00:00,HIGH,7,뉴스 급증 (10건); ⚠️ 뉴스+고래 동시 급증,10.0,0.0,0.199999999998,115713.37,-0.0686311865224165
2025-10-13 22:00:00,HIGH,7,뉴스 급증 (10건); ⚠️ 뉴스+고래 동시 급증,10.0,0.029599999999999998,0.0,115507.19,-0.1666464995678462
2025-10-14 05:00:00,MEDIUM,5,⚠️ 뉴스+고래 동시 급증,9.0,0.0,0.11111111110987654,112493.11,-0.5032456060205415
2025-10-14 06:00:00,HIGH,7,뉴스 급증 (12건); ⚠️ 뉴스+고래 동시 급증,12.0,0.0,0.24999999999791667,111987.38,-0.4495653111554976
2025-10-14 07:00:00,HIGH,7,뉴스 급증 (20건); ⚠️ 뉴스+고래 동시 급증,20.0,0.0,0.34999999999825004,111724.41,-0.2348211021634738
2025-10-14 08:00:00,HIGH,7,뉴스 급증 (15건); ⚠️ 뉴스+고래 동시 급증,15.0,0.0,0.26666666666488886,111803.33,0.0706380995880939
2025-10-14 09:00:00,HIGH,7,뉴스 급증 (13건); ⚠️ 뉴스+고래 동시 급증,13.0,0.0,0.1538461538449704,113028.14,1.0955040426792184
2025-10-14 10:00:00,CRITICAL,11,뉴스 급증 (11건); ⚠️ 뉴스+고래 동시 급증; 뉴스+가격급변 (BTC -2.1%),11.0,0.0,0.0,110623.58,-2.12739942460346
2025-10-14 11:00:00,HIGH,7,뉴스 급증 (16건); ⚠️ 뉴스+고래 동시 급증,16.0,0.02125,0.12499999999921876,111313.98,0.6240984065061017
2025-10-14 13:00:00,HIGH,7,뉴스 급증 (18건); ⚠️ 뉴스+고래 동시 급증,18.0,0.0,0.11111111111049383,111014.38,0.1905178258261086
2025-10-14 14:00:00,MEDIUM,5,⚠️ 뉴스+고래 동시 급증,8.0,0.0,0.1249999999984375,111435.21,0.3790770168693447
2025-10-14 15:00:00,HIGH,7,뉴스 급증 (12건); ⚠️ 뉴스+고래 동시 급증,12.0,0.0,0.16666666666527777,112900.43,1.314862690167673
2025-10-14 16:00:00,MEDIUM,5,⚠️ 뉴스+고래 동시 급증,9.0,0.0,0.11111111110987654,112328.83,-0.5062868228225437
2025-10-14 17:00:00,HIGH,7,뉴스 급증 (12건); ⚠️ 뉴스+고래 동시 급증,12.0,0.03349166666666666,0.0,112774.97,0.3971731923140265
2025-10-14 18:00:00,HIGH,7,뉴스 급증 (12건); ⚠️ 뉴스+고래 동시 급증,12.0,0.0,0.0,112861.36,0.076603877615744
2025-10-14 19:00:00,MEDIUM,5,⚠️ 뉴스+고래 동시 급증,9.0,0.0,0.11111111110987654,112613.7,-0.2194373698846119
2025-10-14 22:00:00,MEDIUM,5,⚠️ 뉴스+고래 동시 급증,8.0,0.0,0.3749999999953125,113211.87,0.0735180374211053
2025-10-15 04:00:00,MEDIUM,5,⚠️ 뉴스+고래 동시 급증,9.0,0.0,0.22222222221975307,112344.81,0.2861165199083304
2025-10-15 06:00:00,HIGH,7,뉴스 급증 (15건); ⚠️ 뉴스+고래 동시 급증,15.0,0.024533333333333334,0.0,112460.47,0.0253664549978882
2025-10-15 07:00:00,HIGH,7,뉴스 급증 (18건); ⚠️ 뉴스+고래 동시 급증,18.0,0.0,0.16666666666574076,112584.5,0.1102876415152831
2025-10-15 08:00:00,CRITICAL,11,뉴스 급증 (17건); 규제 관련 뉴스 (4건); ⚠️ 뉴스+고래 동시 급증,17.0,0.0,0.11764705882283738,112944.85,0.3200707024501703
2025-10-15 09:00:00,HIGH,7,뉴스 급증 (10건); ⚠️ 뉴스+고래 동시 급증,10.0,0.0,0.099999999999,110763.28,-1.9315356122922012
2025-10-15 10:00:00,HIGH,7,뉴스 급증 (18건); ⚠️ 뉴스+고래 동시 급증,18.0,0.0,0.05555555555524692,112266.71,1.357336113556773
2025-10-15 11:00:00,CRITICAL,11,뉴스 급증 (13건); 규제 관련 뉴스 (3건); ⚠️ 뉴스+고래 동시 급증,13.0,0.0,0.0769230769224852,111905.73,-0.3215378806415647
2025-10-15 12:00:00,HIGH,7,뉴스 급증 (11건); ⚠️ 뉴스+고래 동시 급증,11.0,0.0,0.09090909090826446,111711.25,-0.1737891348369658
2025-10-15 13:00:00,HIGH,9,규제 관련 뉴스 (3건); ⚠️ 뉴스+고래 동시 급증,8.0,0.0,0.0,111389.0,-0.2884669180588384
2025-10-15 14:00:00,HIGH,7,뉴스 급증 (15건); ⚠️ 뉴스+고래 동시 급증,15.0,0.0,0.06666666666622222,111059.76,-0.295576762516947
2025-10-15 15:00:00,HIGH,7,뉴스 급증 (11건); ⚠️ 뉴스+고래 동시 급증,11.0,0.0,0.0,110798.01,-0.2356839236821728
2025-10-15 16:00:00,HIGH,7,뉴스 급증 (19건); ⚠️ 뉴스+고래 동시 급증,19.0,0.03840526315789474,0.21052631578836567,110748.0,-0.0451361897203739
2025-10-15 17:00:00,MEDIUM,5,⚠️ 뉴스+고래 동시 급증,8.0,0.0,0.1249999999984375,111186.78,0.3961967710477854
2025-10-15 19:00:00,MEDIUM,5,⚠️ 뉴스+고래 동시 급증,8.0,0.0,0.0,111271.73,-0.1552607767292046
2025-10-15 20:00:00,HIGH,7,뉴스 급증 (10건); ⚠️ 뉴스+고래 동시 급증,10.0,0.0,0.199999999998,111109.76,-0.1455625791025316
2025-10-16 00:00:00,HIGH,7,뉴스 급증 (10건); ⚠️ 뉴스+고래 동시 급증,10.0,0.0,0.099999999999,110431.27,-0.2997473530939043
2025-10-16 05:00:00,MEDIUM,5,⚠️ 뉴스+고래 동시 급증,9.0,0.0,0.0,110951.14,-0.0134185209653803
2025-10-16 06:00:00,HIGH,7,뉴스 급증 (14건); ⚠️ 뉴스+고래 동시 급증,14.0,0.0,0.21428571428418366,111666.83,0.645049703860634
2025-10-16 07:00:00,HIGH,7,뉴스 급증 (16건); ⚠️ 뉴스+고래 동시 급증,16.0,0.044556250000000006,0.12499999999921876,110584.2,-0.9695179848841496
2025-10-16 09:00:00,CRITICAL,11,뉴스 급증 (19건); ⚠️ 뉴스+고래 동시 급증; 뉴스+가격급변 (BTC -2.4%),19.0,0.0,0.10526315789418283,108194.28,-2.36715320233718
2025-10-16 10:00:00,CRITICAL,11,뉴스 급증 (10건); ⚠️ 뉴스+고래 동시 급증; 뉴스+가격급변 (BTC 3.0%),10.0,0.0,0.199999999998,111469.63,3.027285730816831
2025-10-16 11:00:00,HIGH,7,뉴스 급증 (10건); ⚠️ 뉴스+고래 동시 급증,10.0,0.0,0.199999999998,111404.72,-0.0582311074325825
2025-10-16 12:00:00,MEDIUM,5,⚠️ 뉴스+고래 동시 급증,8.0,0.0,0.1249999999984375,111519.07,0.1026437659014778
2025-10-16 13:00:00,HIGH,7,뉴스 급증 (13건); ⚠️ 뉴스+고래 동시 급증,13.0,0.0,0.0,110860.0,-0.5909930920334983
2025-10-16 15:00:00,HIGH,7,뉴스 급증 (11건); ⚠️ 뉴스+고래 동시 급증,11.0,0.0,0.0,108549.21,-1.791497171701184
2025-10-16 16:00:00,MEDIUM,5,⚠️ 뉴스+고래 동시 급증,8.0,0.0,0.249999999996875,109232.43,0.6294103844698418
2025-10-16 17:00:00,HIGH,7,뉴스 급증 (10건); ⚠️ 뉴스+고래 동시 급증,10.0,0.0,0.099999999999,108276.7,-0.8749507815581814
2025-10-16 19:00:00,HIGH,7,뉴스 급증 (11건); ⚠️ 뉴스+고래 동시 급증,11.0,0.0,0.0,108197.66,-0.4220008082374327
2025-10-16 20:00:00,MEDIUM,5,⚠️ 뉴스+고래 동시 급증,8.0,0.0,0.1249999999984375,107838.01,-0.3324009040491349
2025-10-17 05:00:00,MEDIUM,5,⚠️ 뉴스+고래 동시 급증,8.0,0.0,0.0,108381.76,-0.3727458527772453
2025-10-17 06:00:00,HIGH,7,뉴스 급증 (16건); ⚠️ 뉴스+고래 동시 급증,16.0,0.0,0.06249999999960938,106741.28,-1.5136126226405588
2025-10-17 07:00:00,HIGH,7,뉴스 급증 (14건); ⚠️ 뉴스+고래 동시 급증,14.0,0.0,0.07142857142806122,105633.75,-1.037583585282098
2025-10-17 08:00:00,HIGH,7,뉴스 급증 (12건); ⚠️ 뉴스+고래 동시 급증,12.0,0.0,0.0,104884.38,-0.7094039547019704
2025-10-17 09:00:00,HIGH,7,뉴스 급증 (19건); ⚠️ 뉴스+고래 동시 급증,19.0,0.0,0.10526315789418283,106431.68,1.4752435014632193
2025-10-17 10:00:00,MEDIUM,5,⚠️ 뉴스+고래 동시 급증,9.0,0.0,0.0,104751.99,-1.5781861190201862
2025-10-17 11:00:00,HIGH,7,뉴스 급증 (12건); ⚠️ 뉴스+고래 동시 급증,12.0,0.0,0.24999999999791667,105683.72,0.8894628159331397
2025-10-17 12:00:00,MEDIUM,5,⚠️ 뉴스+고래 동시 급증,9.0,0.0,0.22222222221975307,105350.4,-0.3153938941589218
2025-10-17 13:00:00,MEDIUM,5,⚠️ 뉴스+고래 동시 급증,9.0,0.0,0.0,105835.63,0.4605867656886087
2025-10-17 14:00:00,MEDIUM,5,⚠️ 뉴스+고래 동시 급증,8.0,0.0,0.0,105163.42,-0.6351452719655981
2025-10-17 15:00:00,HIGH,7,뉴스 급증 (11건); ⚠️ 뉴스+고래 동시 급증,11.0,0.0,0.0,106803.53,1.559582219749034
2025-10-17 16:00:00,HIGH,7,뉴스 급증 (10건); ⚠️ 뉴스+고래 동시 급증,10.0,0.0,0.0,106372.34,-0.4037226110410463
2025-10-17 18:00:00,HIGH,7,뉴스 급증 (10건); ⚠️ 뉴스+고래 동시 급증,10.0,0.0,0.099999999999,106647.11,0.1820892866888801
2025-10-17 19:00:00,MEDIUM,5,⚠️ 뉴스+고래 동시 급증,9.0,0.0,0.11111111110987654,106454.72,-0.1803986999741491
2025-10-17 20:00:00,MEDIUM,5,⚠️ 뉴스+고래 동시 급증,8.0,0.0707625,0.0,107021.37,0.5322920392820452
2025-10-17 21:00:00,HIGH,7,뉴스 급증 (11건); ⚠️ 뉴스+고래 동시 급증,11.0,0.04428181818181818,0.0,107301.4,0.2616580221314724
2025-10-18 06:00:00,HIGH,7,뉴스 급증 (12건); ⚠️ 뉴스+고래 동시 급증,12.0,0.0,0.16666666666527777,106839.96,0.0256898723108411
2025-10-18 07:00:00,HIGH,7,뉴스 급증 (12건); ⚠️ 뉴스+고래 동시 급증,12.0,0.042550000000000004,0.0,106665.0,-0.1637589531108041
2025-10-18 08:00:00,HIGH,7,뉴스 급증 (12건); ⚠️ 뉴스+고래 동시 급증,12.0,0.0,0.16666666666527777,106719.2,0.0508132939577077
2025-10-18 09:00:00,HIGH,7,뉴스 급증 (15건); ⚠️ 뉴스+고래 동시 급증,15.0,0.06213333333333334,0.0,107185.01,0.4364819076604798
2025-10-18 10:00:00,MEDIUM,5,⚠️ 뉴스+고래 동시 급증,8.0,0.0,0.1249999999984375,106924.47,-0.2430750344661003
2025-10-19 08:00:00,HIGH,7,뉴스 급증 (11건); ⚠️ 뉴스+고래 동시 급증,11.0,0.0,0.09090909090826446,107185.01,0.0552060860742553
2025-10-19 09:00:00,MEDIUM,5,⚠️ 뉴스+고래 동시 급증,8.0,0.032850000000000004,0.0,108642.78,1.360050253295686
2025-10-19 10:00:00,MEDIUM,5,⚠️ 뉴스+고래 동시 급증,8.0,0.0,0.0,106973.26,-1.5367058906261444
2025-10-20 05:00:00,HIGH,7,뉴스 급증 (10건); ⚠️ 뉴스+고래 동시 급증,10.0,0.0,0.099999999999,108845.06,-0.0581864966743173
2025-10-20 06:00:00,MEDIUM,5,⚠️ 뉴스+고래 동시 급증,8.0,0.0,0.0,108744.82,-0.0920942117170864
2025-10-20 07:00:00,MEDIUM,5,⚠️ 뉴스+고래 동시 급증,9.0,0.0,0.3333333333296296,109146.8,0.3696543890550297
2025-10-20 08:00:00,HIGH,7,뉴스 급증 (17건); ⚠️ 뉴스+고래 동시 급증,17.0,0.0,0.17647058823425607,108642.78,-0.4617817471515462
2025-10-20 09:00:00,MEDIUM,5,⚠️ 뉴스+고래 동시 급증,9.0,0.0,0.3333333333296296,110532.09,1.7390110967337111
2025-10-20 10:00:00,CRITICAL,11,뉴스 급증 (14건); ⚠️ 뉴스+고래 동시 급증; 뉴스+가격급변 (BTC -2.2%),14.0,0.03762142857142857,0.07142857142806122,108053.58,-2.242344282099429
2025-10-20 11:00:00,HIGH,7,뉴스 급증 (13건); ⚠️ 뉴스+고래 동시 급증,13.0,0.0,0.1538461538449704,108767.02,0.6602650277760302
2025-10-20 12:00:00,HIGH,7,뉴스 급증 (12건); ⚠️ 뉴스+고래 동시 급증,12.0,0.0,0.16666666666527777,110145.44,1.2673143017065236
2025-10-20 13:00:00,HIGH,7,뉴스 급증 (15건); ⚠️ 뉴스+고래 동시 급증,15.0,0.0,0.06666666666622222,110422.1,0.2511769892607374
2025-10-20 14:00:00,MEDIUM,5,⚠️ 뉴스+고래 동시 급증,9.0,0.0,0.22222222221975307,111033.79,0.5539561374036328
2025-10-20 15:00:00,MEDIUM,5,⚠️ 뉴스+고래 동시 급증,9.0,0.0,0.11111111110987654,111298.55,0.2384499349252333
2025-10-20 16:00:00,HIGH,7,뉴스 급증 (13건); ⚠️ 뉴스+고래 동시 급증,13.0,0.029369230769230766,0.3076923076899408,111169.92,-0.1155720357542855
2025-10-20 17:00:00,HIGH,7,뉴스 급증 (13건); ⚠️ 뉴스+고래 동시 급증,13.0,0.0,0.23076923076745562,111097.15,-0.0654583542022968
2025-10-20 18:00:00,HIGH,7,뉴스 급증 (11건); ⚠️ 뉴스+고래 동시 급증,11.0,0.0,0.09090909090826446,110964.13,-0.1197330444570266
2025-10-20 20:00:00,MEDIUM,5,⚠️ 뉴스+고래 동시 급증,8.0,0.0,0.249999999996875,111016.75,0.2573515931921344
2025-10-20 21:00:00,CRITICAL,11,뉴스 급증 (10건); 규제 관련 뉴스 (3건); ⚠️ 뉴스+고래 동시 급증,10.0,0.0,0.299999999997,110843.81,-0.1557782947167907
2025-10-21 05:00:00,MEDIUM,5,⚠️ 뉴스+고래 동시 급증,9.0,0.0,0.11111111110987654,111091.46,0.2601368443985619
2025-10-21 06:00:00,HIGH,7,뉴스 급증 (16건); ⚠️ 뉴스+고래 동시 급증,16.0,0.0,0.3124999999980469,110563.2,-0.4755181001312003
2025-10-21 07:00:00,HIGH,7,뉴스 급증 (18건); ⚠️ 뉴스+고래 동시 급증,18.0,0.0,0.11111111111049383,110794.08,0.2088217417730353
2025-10-21 08:00:00,HIGH,7,뉴스 급증 (12건); ⚠️ 뉴스+고래 동시 급증,12.0,0.0,0.33333333333055554,110532.09,-0.2364657028606664
2025-10-21 09:00:00,CRITICAL,11,뉴스 급증 (16건); ⚠️ 뉴스+고래 동시 급증; 뉴스+가격급변 (BTC -2.0%),16.0,0.0,0.24999999999843753,108297.67,-2.02151248565009
2025-10-21 10:00:00,HIGH,7,뉴스 급증 (19건); ⚠️ 뉴스+고래 동시 급증,19.0,0.0,0.05263157894709142,109863.19,1.445571266676371
2025-10-21 11:00:00,HIGH,7,뉴스 급증 (11건); ⚠️ 뉴스+고래 동시 급증,11.0,0.0,0.18181818181652892,109514.92,-0.3170033566292751
2025-10-21 12:00:00,MEDIUM,5,⚠️ 뉴스+고래 동시 급증,9.0,0.0,0.11111111110987654,109059.22,-0.4161076865143109
2025-10-21 13:00:00,MEDIUM,5,⚠️ 뉴스+고래 동시 급증,9.0,0.0,0.0,107779.7,-1.1732341382966085
2025-10-21 14:00:00,HIGH,7,뉴스 급증 (16건); ⚠️ 뉴스+고래 동시 급증,16.0,0.0,0.0,107537.12,-0.2250702126652792
2025-10-21 15:00:00,HIGH,7,뉴스 급증 (11건); ⚠️ 뉴스+고래 동시 급증,11.0,0.0,0.18181818181652892,107909.79,0.3465501028854012
2025-10-21 16:00:00,HIGH,7,뉴스 급증 (14건); ⚠️ 뉴스+고래 동시 급증,14.0,0.0,0.0,108086.37,0.1636366820841672
2025-10-21 17:00:00,MEDIUM,5,⚠️ 뉴스+고래 동시 급증,8.0,0.0617375,0.0,107695.79,-0.3613591611967393
2025-10-21 18:00:00,MEDIUM,5,⚠️ 뉴스+고래 동시 급증,8.0,0.0912125,0.1249999999984375,107754.27,0.0543011012779759
2025-10-21 21:00:00,MEDIUM,5,⚠️ 뉴스+고래 동시 급증,9.0,-0.06193333333333333,0.11111111110987654,108793.4,0.1965278875918352
2025-10-21 22:00:00,HIGH,7,뉴스 급증 (10건); ⚠️ 뉴스+고래 동시 급증,10.0,0.0,0.0,108426.98,-0.3368035193311303
2025-10-22 05:00:00,MEDIUM,5,⚠️ 뉴스+고래 동시 급증,8.0,0.0,0.0,110787.56,-0.8881969368688014
2025-10-22 06:00:00,HIGH,7,뉴스 급증 (16건); ⚠️ 뉴스+고래 동시 급증,16.0,0.0,0.18749999999882816,110816.32,0.0259595932972978
2025-10-22 07:00:00,HIGH,7,뉴스 급증 (20건); ⚠️ 뉴스+고래 동시 급증,20.0,0.01806,0.14999999999925,109066.98,-1.5785941998434971
2025-10-22 08:00:00,HIGH,7,뉴스 급증 (20건); ⚠️ 뉴스+고래 동시 급증,20.0,-0.024695,0.24999999999875003,108297.67,-0.7053555530738942
2025-10-22 09:00:00,HIGH,7,뉴스 급증 (10건); ⚠️ 뉴스+고래 동시 급증,10.0,0.05635000000000001,0.099999999999,107567.44,-0.6742804346575482
2025-10-22 10:00:00,CRITICAL,11,뉴스 급증 (15건); 규제 관련 뉴스 (3건); ⚠️ 뉴스+고래 동시 급증,15.0,-0.03178,0.06666666666622222,108364.21,0.740716707583644
2025-10-22 11:00:00,HIGH,7,뉴스 급증 (10건); ⚠️ 뉴스+고래 동시 급증,10.0,0.0,0.0,108198.85,-0.1525965076476843
2025-10-22 13:00:00,HIGH,7,뉴스 급증 (12건); ⚠️ 뉴스+고래 동시 급증,12.0,0.042550000000000004,0.0,108625.6,0.3784837032446697
2025-10-22 14:00:00,HIGH,7,뉴스 급증 (16건); ⚠️ 뉴스+고래 동시 급증,16.0,0.0,0.0,108166.81,-0.4223590019295731
2025-10-22 15:00:00,MEDIUM,5,⚠️ 뉴스+고래 동시 급증,9.0,0.0,0.11111111110987654,107980.02,-0.1726869822637811
2025-10-22 16:00:00,HIGH,7,뉴스 급증 (10건); ⚠️ 뉴스+고래 동시 급증,10.0,0.03612,0.099999999999,108321.63,0.3163640829108916
2025-10-22 17:00:00,HIGH,7,뉴스 급증 (10건); ⚠️ 뉴스+고래 동시 급증,10.0,0.0,0.099999999999,108229.3,-0.0852369005156283
2025-10-22 18:00:00,MEDIUM,5,⚠️ 뉴스+고래 동시 급증,8.0,0.0,0.249999999996875,107963.13,-0.2459315545790263
2025-10-22 19:00:00,MEDIUM,5,⚠️ 뉴스+고래 동시 급증,8.0,0.0,0.0,107657.98,-0.2826427874034531
2025-10-22 20:00:00,HIGH,7,뉴스 급증 (13건); ⚠️ 뉴스+고래 동시 급증,13.0,0.0,0.0769230769224852,107555.05,-0.0956083329819001
2025-10-22 21:00:00,HIGH,7,뉴스 급증 (10건); ⚠️ 뉴스+고래 동시 급증,10.0,0.0,0.099999999999,108044.96,0.4554969757347482
2025-10-22 22:00:00,MEDIUM,5,⚠️ 뉴스+고래 동시 급증,9.0,0.0,0.11111111110987654,108783.36,0.6834191988224214
2025-10-23 06:00:00,HIGH,7,뉴스 급증 (17건); ⚠️ 뉴스+고래 동시 급증,17.0,0.0,0.11764705882283738,107207.98,-0.4531736220917404
2025-10-23 07:00:00,HIGH,7,뉴스 급증 (16건); ⚠️ 뉴스+고래 동시 급증,16.0,0.0,0.12499999999921876,107196.82,-0.0104096728620328
2025-10-23 08:00:00,HIGH,7,뉴스 급증 (15건); ⚠️ 뉴스+고래 동시 급증,15.0,0.0,0.06666666666622222,107567.44,0.3457378679703415
2025-10-23 09:00:00,CRITICAL,11,뉴스 급증 (11건); ⚠️ 뉴스+고래 동시 급증; 뉴스+가격급변 (BTC 2.3%),11.0,0.0,0.18181818181652892,110078.18,2.334107793213258
2025-10-23 10:00:00,HIGH,7,뉴스 급증 (10건); ⚠️ 뉴스+고래 동시 급증,10.0,0.0,0.0,108150.0,-1.751645966530324
2025-10-23 11:00:00,MEDIUM,5,⚠️ 뉴스+고래 동시 급증,9.0,0.0,0.11111111110987654,108410.29,0.2406749884419801
2025-10-23 13:00:00,HIGH,7,뉴스 급증 (17건); ⚠️ 뉴스+고래 동시 급증,17.0,0.0,0.17647058823425607,108644.32,0.2457695273097915
2025-10-23 14:00:00,HIGH,7,뉴스 급증 (13건); ⚠️ 뉴스+고래 동시 급증,13.0,0.0,0.1538461538449704,108940.58,0.2726879785339919
2025-10-23 15:00:00,HIGH,7,뉴스 급증 (13건); ⚠️ 뉴스+고래 동시 급증,13.0,0.013684615384615385,0.0769230769224852,110246.94,1.19914911413177
2025-10-23 16:00:00,HIGH,7,뉴스 급증 (10건); ⚠️ 뉴스+고래 동시 급증,10.0,0.0,0.199999999998,109269.9,-0.8862286790000784
2025-10-23 17:00:00,MEDIUM,5,⚠️ 뉴스+고래 동시 급증,8.0,0.0,0.0,109505.44,0.2155579898947435
2025-10-23 22:00:00,HIGH,7,뉴스 급증 (11건); ⚠️ 뉴스+고래 동시 급증,11.0,0.0,0.09090909090826446,109500.62,0.3074979934033717
2025-10-24 05:00:00,HIGH,7,뉴스 급증 (10건); ⚠️ 뉴스+고래 동시 급증,10.0,0.0,0.199999999998,109524.81,-0.6126950998185166
2025-10-24 06:00:00,CRITICAL,11,뉴스 급증 (17건); 규제 관련 뉴스 (3건); ⚠️ 뉴스+고래 동시 급증,17.0,0.0,0.2941176470570935,109532.97,0.0074503667251368
2025-10-24 07:00:00,HIGH,7,뉴스 급증 (14건); ⚠️ 뉴스+고래 동시 급증,14.0,0.0,0.35714285714030614,109943.94,0.3752020966837577
2025-10-24 08:00:00,HIGH,7,뉴스 급증 (18건); ⚠️ 뉴스+고래 동시 급증,18.0,0.0,0.11111111111049383,110078.18,0.1220985895175275
2025-10-24 09:00:00,HIGH,7,뉴스 급증 (10건); ⚠️ 뉴스+고래 동시 급증,10.0,0.0,0.199999999998,111004.89,0.8418652997351561
2025-10-24 10:00:00,MEDIUM,5,⚠️ 뉴스+고래 동시 급증,8.0,0.0,0.1249999999984375,110585.08,-0.3781905463804302
2025-10-24 11:00:00,MEDIUM,5,⚠️ 뉴스+고래 동시 급증,8.0,0.0,0.249999999996875,110570.12,-0.013528045555522
2025-10-24 12:00:00,HIGH,7,뉴스 급증 (11건); ⚠️ 뉴스+고래 동시 급증,11.0,0.032836363636363636,0.18181818181652892,110441.46,-0.116360550210115
2025-10-24 13:00:00,HIGH,7,뉴스 급증 (14건); ⚠️ 뉴스+고래 동시 급증,14.0,0.0,0.07142857142806122,111178.55,0.6674033465330798
2025-10-24 15:00:00,HIGH,7,뉴스 급증 (11건); ⚠️ 뉴스+고래 동시 급증,11.0,0.0,0.18181818181652892,111464.36,0.1824532793774924
2025-10-24 16:00:00,MEDIUM,5,⚠️ 뉴스+고래 동시 급증,9.0,0.04013333333333333,0.22222222221975307,111054.61,-0.3676062913742117
2025-10-24 17:00:00,MEDIUM,5,⚠️ 뉴스+고래 동시 급증,9.0,0.0,0.3333333333296296,111097.8,0.0388907763486878
2025-10-24 19:00:00,MEDIUM,5,⚠️ 뉴스+고래 동시 급증,8.0,0.0425,0.49999999999375,111114.03,-0.1890688762070436
2025-10-24 21:00:00,MEDIUM,5,⚠️ 뉴스+고래 동시 급증,8.0,0.0,0.3749999999953125,111297.01,0.2077317969295666
2025-10-25 00:00:00,MEDIUM,5,⚠️ 뉴스+고래 동시 급증,8.0,0.046,0.1249999999984375,110046.91,-0.1562886020644138
2025-10-25 07:00:00,HIGH,7,뉴스 급증 (15건); ⚠️ 뉴스+고래 동시 급증,15.0,0.0,0.26666666666488886,111023.01,-0.0563169455762957
2025-10-25 08:00:00,MEDIUM,5,⚠️ 뉴스+고래 동시 급증,9.0,0.0,0.11111111110987654,111004.89,-0.016320941037351
2025-10-25 10:00:00,MEDIUM,5,⚠️ 뉴스+고래 동시 급증,9.0,0.0,0.11111111110987654,111070.31,-0.5158793034465092
2025-10-25 15:00:00,MEDIUM,5,⚠️ 뉴스+고래 동시 급증,8.0,0.063825,0.0,111366.42,-0.0182876263872922
2025-10-26 08:00:00,HIGH,7,뉴스 급증 (10건); ⚠️ 뉴스+고래 동시 급증,10.0,0.0,0.199999999998,111646.27,0.0220208097548191
2025-10-26 17:00:00,HIGH,7,뉴스 급증 (10건); ⚠️ 뉴스+고래 동시 급증,10.0,0.034,0.0,111776.94,0.047402536143104
2025-10-27 05:00:00,MEDIUM,5,⚠️ 뉴스+고래 동시 급증,9.0,0.0,0.11111111110987654,113320.8,-0.2334706947573428
2025-10-27 06:00:00,MEDIUM,5,⚠️ 뉴스+고래 동시 급증,9.0,0.0,0.11111111110987654,113497.06,0.1555407303866607
2025-10-27 07:00:00,HIGH,7,뉴스 급증 (11건); ⚠️ 뉴스+고래 동시 급증,11.0,0.0,0.36363636363305785,114681.33,1.043436719858648
2025-10-27 08:00:00,HIGH,7,뉴스 급증 (13건); ⚠️ 뉴스+고래 동시 급증,13.0,0.0,0.38461538461242606,114559.4,-0.1063207062562021
2025-10-27 09:00:00,HIGH,7,뉴스 급증 (19건); ⚠️ 뉴스+고래 동시 급증,19.0,0.0,0.15789473684127425,114767.29,0.1814691766891307
2025-10-27 10:00:00,HIGH,7,뉴스 급증 (11건); ⚠️ 뉴스+고래 동시 급증,11.0,0.0,0.0,115284.01,0.4502328145937762
2025-10-27 11:00:00,HIGH,7,뉴스 급증 (10건); ⚠️ 뉴스+고래 동시 급증,10.0,0.0,0.199999999998,114883.39,-0.3475069959832155
2025-10-27 12:00:00,MEDIUM,5,⚠️ 뉴스+고래 동시 급증,9.0,0.048933333333333336,0.0,114958.51,0.0653880426056296
2025-10-27 13:00:00,HIGH,7,뉴스 급증 (10건); ⚠️ 뉴스+고래 동시 급증,10.0,0.0,0.199999999998,115256.44,0.2591630667446942
2025-10-27 14:00:00,HIGH,7,뉴스 급증 (20건); ⚠️ 뉴스+고래 동시 급증,20.0,-0.03454,0.2999999999985,115556.57,0.2604019350241904
2025-10-27 15:00:00,HIGH,7,뉴스 급증 (13건); ⚠️ 뉴스+고래 동시 급증,13.0,0.0,0.0769230769224852,116053.49,0.4300231479698713
2025-10-27 16:00:00,CRITICAL,11,뉴스 급증 (11건); 규제 관련 뉴스 (3건); ⚠️ 뉴스+고래 동시 급증,11.0,0.04170909090909091,0.09090909090826446,115554.6,-0.4298793599399775
2025-10-27 17:00:00,MEDIUM,5,⚠️ 뉴스+고래 동시 급증,9.0,0.0,0.11111111110987654,115014.88,-0.467069246918772
2025-10-27 20:00:00,MEDIUM,5,⚠️ 뉴스+고래 동시 급증,8.0,0.0,0.249999999996875,115362.02,-0.0744231555799057
2025-10-28 05:00:00,MEDIUM,5,⚠️ 뉴스+고래 동시 급증,9.0,0.0,0.11111111110987654,114455.17,-0.4240984894726685
2025-10-28 06:00:00,HIGH,7,뉴스 급증 (13건); ⚠️ 뉴스+고래 동시 급증,13.0,0.0,0.3076923076899408,114302.7,-0.1332137290084856
2025-10-28 07:00:00,HIGH,7,뉴스 급증 (18건); ⚠️ 뉴스+고래 동시 급증,18.0,0.0,0.16666666666574076,114112.51,-0.1663915200603383
2025-10-28 08:00:00,HIGH,7,뉴스 급증 (18건); ⚠️ 뉴스+고래 동시 급증,18.0,0.027438888888888888,0.22222222222098767,114107.65,-0.0042589546054183
2025-10-28 09:00:00,HIGH,7,뉴스 급증 (15건); ⚠️ 뉴스+고래 동시 급증,15.0,0.0,0.13333333333244443,113961.67,-0.127931825780303
2025-10-28 10:00:00,HIGH,7,뉴스 급증 (13건); ⚠️ 뉴스+고래 동시 급증,13.0,0.0421,0.46153846153491124,114424.76,0.4063559265145899
2025-10-28 13:00:00,HIGH,7,뉴스 급증 (13건); ⚠️ 뉴스+고래 동시 급증,13.0,0.0,0.1538461538449704,113964.59,0.0494696432848051
2025-10-28 14:00:00,MEDIUM,5,⚠️ 뉴스+고래 동시 급증,9.0,0.0,0.11111111110987654,113605.31,-0.3152558176184317
2025-10-28 15:00:00,MEDIUM,5,⚠️ 뉴스+고래 동시 급증,9.0,0.0,0.22222222221975307,114115.52,0.4491075285125268
2025-10-28 16:00:00,HIGH,7,뉴스 급증 (12건); ⚠️ 뉴스+고래 동시 급증,12.0,0.0,0.08333333333263888,114188.37,0.063838818768902
2025-10-28 17:00:00,MEDIUM,5,⚠️ 뉴스+고래 동시 급증,9.0,0.0,0.0,114427.23,0.2091806722523514
2025-10-28 18:00:00,MEDIUM,5,⚠️ 뉴스+고래 동시 급증,8.0,0.0,0.0,114528.6,0.0885890534971567
2025-10-28 19:00:00,MEDIUM,5,⚠️ 뉴스+고래 동시 급증,9.0,0.0,0.22222222221975307,114595.71,0.0585967173265089
2025-10-28 20:00:00,HIGH,7,뉴스 급증 (13건); ⚠️ 뉴스+고래 동시 급증,13.0,0.013684615384615385,0.0769230769224852,114357.73,-0.20766920506885
2025-10-28 21:00:00,MEDIUM,5,⚠️ 뉴스+고래 동시 급증,8.0,0.0912125,0.1249999999984375,114449.55,0.0802919050596706
2025-10-29 05:00:00,MEDIUM,5,⚠️ 뉴스+고래 동시 급증,8.0,0.0,0.3749999999953125,112808.05,-0.7757411184573071
2025-10-29 06:00:00,HIGH,7,뉴스 급증 (22건); ⚠️ 뉴스+고래 동시 급증,22.0,0.0,0.13636363636301654,112994.4,0.1651921117331589
2025-10-29 07:00:00,HIGH,7,뉴스 급증 (19건); ⚠️ 뉴스+고래 동시 급증,19.0,0.0,0.10526315789418283,113224.08,0.2032667105626551
2025-10-29 08:00:00,HIGH,7,뉴스 급증 (14건); ⚠️ 뉴스+고래 동시 급증,14.0,0.02114285714285714,0.2857142857122449,112898.45,-0.2875978325458717
2025-10-29 09:00:00,HIGH,7,뉴스 급증 (12건); ⚠️ 뉴스+고래 동시 급증,12.0,0.0,0.41666666666319446,112442.88,-0.4035219261203204
2025-10-29 10:00:00,HIGH,7,뉴스 급증 (12건); ⚠️ 뉴스+고래 동시 급증,12.0,0.0,0.16666666666527777,112500.03,0.0508258059558786
2025-10-29 11:00:00,HIGH,7,뉴스 급증 (11건); ⚠️ 뉴스+고래 동시 급증,11.0,0.0,0.18181818181652892,112666.75,0.1481955160367531
2025-10-29 13:00:00,HIGH,7,뉴스 급증 (11건); ⚠️ 뉴스+고래 동시 급증,11.0,0.0,0.18181818181652892,112810.55,0.2551111772306269
2025-10-29 14:00:00,HIGH,7,뉴스 급증 (11건); ⚠️ 뉴스+고래 동시 급증,11.0,0.0,0.18181818181652892,113039.1,0.2025962997255215
2025-10-29 16:00:00,MEDIUM,5,⚠️ 뉴스+고래 동시 급증,9.0,0.0,0.22222222221975307,113577.9,0.2592594554227334
2025-10-29 17:00:00,HIGH,7,뉴스 급증 (14건); ⚠️ 뉴스+고래 동시 급증,14.0,-0.034050000000000004,0.07142857142806122,113070.94,-0.4463544404325059
2025-10-29 20:00:00,MEDIUM,5,⚠️ 뉴스+고래 동시 급증,8.0,0.0,0.249999999996875,113132.36,0.232435524724428
2025-10-29 21:00:00,MEDIUM,5,⚠️ 뉴스+고래 동시 급증,9.0,0.05673333333333334,0.22222222221975307,113139.13,0.0059841410539052
2025-10-29 22:00:00,HIGH,7,뉴스 급증 (10건); ⚠️ 뉴스+고래 동시 급증,10.0,0.01779,0.099999999999,112873.07,-0.2351617870846256
2025-10-30 05:00:00,HIGH,7,뉴스 급증 (14건); ⚠️ 뉴스+고래 동시 급증,14.0,0.0,0.21428571428418366,111433.46,0.7171547360809827
2025-10-30 06:00:00,HIGH,7,뉴스 급증 (14건); ⚠️ 뉴스+고래 동시 급증,14.0,0.0,0.2857142857122449,111617.26,0.1649414816698557
2025-10-30 07:00:00,HIGH,7,뉴스 급증 (17건); ⚠️ 뉴스+고래 동시 급증,17.0,-0.03746470588235294,0.23529411764567476,111028.2,-0.5277499196808755
2025-10-30 08:00:00,HIGH,7,뉴스 급증 (11건); ⚠️ 뉴스+고래 동시 급증,11.0,0.0,0.0,110021.29,-0.9068957255904396
2025-10-30 09:00:00,MEDIUM,5,⚠️ 뉴스+고래 동시 급증,8.0,0.0,0.249999999996875,110559.48,0.489168959934938
2025-10-30 10:00:00,HIGH,7,뉴스 급증 (11건); ⚠️ 뉴스+고래 동시 급증,11.0,0.0,0.0,110460.76,-0.0892913027449093
2025-10-30 11:00:00,HIGH,7,뉴스 급증 (10건); ⚠️ 뉴스+고래 동시 급증,10.0,0.0,0.0,110985.92,0.4754267488291885
2025-10-30 13:00:00,HIGH,7,뉴스 급증 (14건); ⚠️ 뉴스+고래 동시 급증,14.0,0.03972857142857143,0.0,108575.27,-1.964940059034881
2025-10-30 14:00:00,HIGH,7,뉴스 급증 (10건); ⚠️ 뉴스+고래 동시 급증,10.0,0.0,0.0,110248.29,1.540884954741517
2025-10-30 15:00:00,HIGH,7,뉴스 급증 (11건); ⚠️ 뉴스+고래 동시 급증,11.0,0.0,0.09090909090826446,110768.01,0.4714086721889332
2025-10-30 16:00:00,HIGH,7,뉴스 급증 (13건); ⚠️ 뉴스+고래 동시 급증,13.0,0.0,0.0,111366.72,0.5405080401823747
2025-10-30 17:00:00,MEDIUM,5,⚠️ 뉴스+고래 동시 급증,8.0,0.0,0.0,110714.31,-0.5858213297473491
2025-10-30 18:00:00,MEDIUM,5,⚠️ 뉴스+고래 동시 급증,9.0,0.0,0.0,110171.69,-0.490108279589152
2025-10-30 19:00:00,HIGH,7,뉴스 급증 (10건); ⚠️ 뉴스+고래 동시 급증,10.0,0.0,0.099999999999,110105.75,-0.0598520363988219
2025-10-31 04:00:00,MEDIUM,5,⚠️ 뉴스+고래 동시 급증,8.0,0.0,0.0,106536.39,-0.2814565615742559
2025-10-31 06:00:00,HIGH,7,뉴스 급증 (14건); ⚠️ 뉴스+고래 동시 급증,14.0,0.0,0.0,107907.68,0.3690509177161516
2025-10-31 07:00:00,HIGH,7,뉴스 급증 (19건); ⚠️ 뉴스+고래 동시 급증,19.0,0.0,0.15789473684127425,107912.81,0.0047540638442145
2025-10-31 08:00:00,HIGH,7,뉴스 급증 (16건); ⚠️ 뉴스+고래 동시 급증,16.0,0.0,0.06249999999960938,108322.88,0.3800012250630979
2025-10-31 09:00:00,HIGH,7,뉴스 급증 (12건); ⚠️ 뉴스+고래 동시 급증,12.0,0.0,0.0,109317.21,0.9179316502663236
2025-10-31 10:00:00,CRITICAL,11,뉴스 급증 (12건); 규제 관련 뉴스 (3건); ⚠️ 뉴스+고래 동시 급증,12.0,0.0,0.16666666666527777,109619.77,0.2767725228260076
2025-10-31 11:00:00,HIGH,7,뉴스 급증 (12건); ⚠️ 뉴스+고래 동시 급증,12.0,0.0,0.16666666666527777,108857.99,-0.6949293909301213
2025-10-31 14:00:00,MEDIUM,5,⚠️ 뉴스+고래 동시 급증,8.0,0.0,0.1249999999984375,109899.15,-0.1679353642790371
2025-10-31 15:00:00,HIGH,7,뉴스 급증 (14건); ⚠️ 뉴스+고래 동시 급증,14.0,-0.0332,0.0,109650.0,-0.2267078498787267
2025-10-31 17:00:00,HIGH,7,뉴스 급증 (11건); ⚠️ 뉴스+고래 동시 급증,11.0,0.0,0.09090909090826446,110062.44,0.5601954000441056
2025-10-31 19:00:00,MEDIUM,5,⚠️ 뉴스+고래 동시 급증,8.0,0.0,0.0,109819.2,-0.0265729884616483
2025-10-31 21:00:00,HIGH,7,뉴스 급증 (10건); ⚠️ 뉴스+고래 동시 급증,10.0,0.0,0.099999999999,109653.19,-0.6905001928622201
2025-11-01 07:00:00,HIGH,7,뉴스 급증 (12건); ⚠️ 뉴스+고래 동시 급증,12.0,0.0,0.16666666666527777,109580.09,0.0197246256063543
2025-11-01 08:00:00,HIGH,7,뉴스 급증 (18건); ⚠️ 뉴스+고래 동시 급증,18.0,0.0,0.11111111111049383,109608.01,0.0254790810994887
2025-11-01 09:00:00,MEDIUM,5,⚠️ 뉴스+고래 동시 급증,8.0,0.0,0.1249999999984375,109730.78,0.1120082373541997
2025-11-01 14:00:00,MEDIUM,5,⚠️ 뉴스+고래 동시 급증,8.0,0.0,0.249999999996875,110140.79,-0.1368009025523031
2025-11-02 08:00:00,HIGH,7,뉴스 급증 (12건); ⚠️ 뉴스+고래 동시 급증,12.0,-0.04645,0.08333333333263888,110098.1,0.0048322878212436
2025-11-02 12:00:00,MEDIUM,5,⚠️ 뉴스+고래 동시 급증,8.0,0.0,0.0,110053.23,0.034049663970892
2025-11-02 21:00:00,HIGH,7,뉴스 급증 (11건); ⚠️ 뉴스+고래 동시 급증,11.0,0.0,0.09090909090826446,110736.24,-0.414354741077072
2025-11-03 06:00:00,MEDIUM,5,⚠️ 뉴스+고래 동시 급증,9.0,0.0,0.11111111110987654,109990.9,-0.0870223196807629
2025-11-03 07:00:00,MEDIUM,5,⚠️ 뉴스+고래 동시 급증,8.0,0.0,0.1249999999984375,109899.99,-0.0826522921441585
2025-11-03 08:00:00,HIGH,7,뉴스 급증 (13건); ⚠️ 뉴스+고래 동시 급증,13.0,0.0,0.0,110540.68,0.5829754852570757
2025-11-03 09:00:00,HIGH,7,뉴스 급증 (11건); ⚠️ 뉴스+고래 동시 급증,11.0,0.0,0.18181818181652892,109757.11,-0.7088521619371235
2025-11-03 10:00:00,HIGH,7,뉴스 급증 (10건); ⚠️ 뉴스+고래 동시 급증,10.0,0.0,0.199999999998,109665.5,-0.0834661189603069
2025-11-03 14:00:00,MEDIUM,5,⚠️ 뉴스+고래 동시 급증,8.0,0.0,0.0,107606.75,-0.272121402364045
2025-11-03 15:00:00,HIGH,7,뉴스 급증 (18건); ⚠️ 뉴스+고래 동시 급증,18.0,0.0,0.05555555555524692,107494.23,-0.1045659310405788
2025-11-03 16:00:00,CRITICAL,11,뉴스 급증 (12건); 규제 관련 뉴스 (3건); ⚠️ 뉴스+고래 동시 급증,12.0,0.0,0.08333333333263888,107468.23,-0.0241873447532903
2025-11-03 17:00:00,HIGH,7,뉴스 급증 (14건); ⚠️ 뉴스+고래 동시 급증,14.0,0.0,0.07142857142806122,107586.97,0.110488467149783
2025-11-03 18:00:00,MEDIUM,5,⚠️ 뉴스+고래 동시 급증,9.0,0.0,0.0,107197.94,-0.3615958326552038
2025-11-03 20:00:00,HIGH,7,뉴스 급증 (10건); ⚠️ 뉴스+고래 동시 급증,10.0,-0.04404,0.099999999999,107787.42,0.7594578882409664
2025-11-04 04:00:00,MEDIUM,5,⚠️ 뉴스+고래 동시 급증,9.0,0.0,0.11111111110987654,107090.0,0.1200243601396477
2025-11-04 05:00:00,HIGH,7,뉴스 급증 (13건); ⚠️ 뉴스+고래 동시 급증,13.0,0.0,0.0769230769224852,106657.55,-0.4038192174806165
2025-11-04 06:00:00,HIGH,7,뉴스 급증 (11건); ⚠️ 뉴스+고래 동시 급증,11.0,0.0,0.18181818181652892,106888.71,0.2167310237296771
2025-11-04 07:00:00,HIGH,7,뉴스 급증 (13건); ⚠️ 뉴스+고래 동시 급증,13.0,0.0,0.0,106489.95,-0.3730609154138031
2025-11-04 08:00:00,HIGH,7,뉴스 급증 (19건); ⚠️ 뉴스+고래 동시 급증,19.0,0.0,0.2631578947354571,106583.04,0.0874166998857672
2025-11-04 09:00:00,HIGH,7,뉴스 급증 (10건); ⚠️ 뉴스+고래 동시 급증,10.0,0.0,0.199999999998,106471.45,-0.1046977080030764
2025-11-04 10:00:00,HIGH,7,뉴스 급증 (15건); ⚠️ 뉴스+고래 동시 급증,15.0,0.03648666666666667,0.19999999999866666,107040.01,0.5340023076608746
2025-11-04 11:00:00,HIGH,7,뉴스 급증 (12건); ⚠️ 뉴스+고래 동시 급증,12.0,0.024666666666666667,0.08333333333263888,106482.6,-0.5207492039658757
2025-11-04 12:00:00,MEDIUM,5,⚠️ 뉴스+고래 동시 급증,8.0,0.0,0.249999999996875,107158.79,0.63502393818331
2025-11-04 13:00:00,HIGH,7,뉴스 급증 (17건); ⚠️ 뉴스+고래 동시 급증,17.0,0.044752941176470586,0.11764705882283738,106750.14,-0.3813499573856682
2025-11-04 14:00:00,CRITICAL,11,뉴스 급증 (11건); ⚠️ 뉴스+고래 동시 급증; 뉴스+가격급변 (BTC -2.4%),11.0,0.032836363636363636,0.0,104215.76,-2.374123350095847
2025-11-04 16:00:00,HIGH,7,뉴스 급증 (11건); ⚠️ 뉴스+고래 동시 급증,11.0,0.0,0.09090909090826446,104490.72,-0.2628902811538158
2025-11-04 17:00:00,MEDIUM,5,⚠️ 뉴스+고래 동시 급증,8.0,0.0,0.0,104051.9,-0.4199607390972248
2025-11-04 19:00:00,MEDIUM,5,⚠️ 뉴스+고래 동시 급증,9.0,0.0,0.0,103816.39,-0.0400258198793856
2025-11-04 20:00:00,HIGH,7,뉴스 급증 (10건); ⚠️ 뉴스+고래 동시 급증,10.0,0.0,0.0,104584.76,0.7401239823499939
2025-11-04 21:00:00,MEDIUM,5,⚠️ 뉴스+고래 동시 급증,9.0,0.0,0.11111111110987654,103952.54,-0.604504901096492
2025-11-05 05:00:00,HIGH,7,뉴스 급증 (11건); ⚠️ 뉴스+고래 동시 급증,11.0,0.0,0.09090909090826446,100755.43,0.2116415483022882
2025-11-05 06:00:00,HIGH,7,뉴스 급증 (12건); ⚠️ 뉴스+고래 동시 급증,12.0,0.030100000000000002,0.0,100311.46,-0.4406412637016021
2025-11-05 07:00:00,HIGH,7,뉴스 급증 (16건); ⚠️ 뉴스+고래 동시 급증,16.0,0.0,0.12499999999921876,101295.71,0.9811939732509156
2025-11-05 08:00:00,HIGH,7,뉴스 급증 (17건); ⚠️ 뉴스+고래 동시 급증,17.0,0.021247058823529414,0.11764705882283738,101497.22,0.1989324128336633
2025-11-05 09:00:00,HIGH,7,뉴스 급증 (12건); ⚠️ 뉴스+고래 동시 급증,12.0,0.0,0.16666666666527777,100564.3,-0.9191581798989156
2025-11-05 10:00:00,HIGH,7,뉴스 급증 (13건); ⚠️ 뉴스+고래 동시 급증,13.0,0.0,0.0,100761.62,0.1962127713313721
2025-11-05 11:00:00,HIGH,7,뉴스 급증 (11건); ⚠️ 뉴스+고래 동시 급증,11.0,0.0,0.2727272727247934,101677.93,0.9093839499603183
2025-11-05 13:00:00,HIGH,7,뉴스 급증 (10건); ⚠️ 뉴스+고래 동시 급증,10.0,0.0,0.0,101998.3,-0.128953294820322
2025-11-05 14:00:00,HIGH,7,뉴스 급증 (13건); ⚠️ 뉴스+고래 동시 급증,13.0,0.0,0.0,101824.89,-0.170012637465533
2025-11-05 15:00:00,HIGH,7,뉴스 급증 (10건); ⚠️ 뉴스+고래 동시 급증,10.0,0.03818,0.0,102119.99,0.2898112632383043
2025-11-05 17:00:00,MEDIUM,5,⚠️ 뉴스+고래 동시 급증,9.0,0.0,0.11111111110987654,101699.74,-0.2875490891435461
2025-11-05 18:00:00,HIGH,7,뉴스 급증 (10건); ⚠️ 뉴스+고래 동시 급증,10.0,0.0,0.0,101995.29,0.2906103791415759
2025-11-05 19:00:00,MEDIUM,5,⚠️ 뉴스+고래 동시 급증,8.0,0.0,0.0,101401.97,-0.5817131359693084
2025-11-05 20:00:00,HIGH,7,뉴스 급증 (10건); ⚠️ 뉴스+고래 동시 급증,10.0,0.0,0.099999999999,102070.61,0.6593954732832197
2025-11-06 04:00:00,MEDIUM,5,⚠️ 뉴스+고래 동시 급증,8.0,0.0,0.0,104008.09,-0.3251734111247573
2025-11-06 05:00:00,HIGH,7,뉴스 급증 (10건); ⚠️ 뉴스+고래 동시 급증,10.0,0.10825,0.099999999999,103831.22,-0.1700540794470795
2025-11-06 06:00:00,HIGH,7,뉴스 급증 (16건); ⚠️ 뉴스+고래 동시 급증,16.0,0.0,0.4374999999972657,103672.37,-0.1529886675703196
2025-11-06 07:00:00,HIGH,7,뉴스 급증 (17건); ⚠️ 뉴스+고래 동시 급증,17.0,0.0,0.17647058823425607,103706.55,0.0329692472545994
2025-11-06 08:00:00,HIGH,7,뉴스 급증 (16건); ⚠️ 뉴스+고래 동시 급증,16.0,0.0,0.12499999999921876,103885.16,0.1722263444305038
2025-11-06 09:00:00,HIGH,7,뉴스 급증 (14건); ⚠️ 뉴스+고래 동시 급증,14.0,0.0,0.0,103677.72,-0.1996820335069982
2025-11-06 10:00:00,HIGH,7,뉴스 급증 (12건); ⚠️ 뉴스+고래 동시 급증,12.0,0.0,0.08333333333263888,103365.65,-0.3010000605723317
2025-11-06 11:00:00,MEDIUM,5,⚠️ 뉴스+고래 동시 급증,9.0,0.05852222222222222,0.0,103321.81,-0.042412542271053
2025-11-06 13:00:00,HIGH,7,뉴스 급증 (15건); ⚠️ 뉴스+고래 동시 급증,15.0,0.0,0.13333333333244443,104030.79,0.3809099981927133
2025-11-06 15:00:00,HIGH,7,뉴스 급증 (13건); ⚠️ 뉴스+고래 동시 급증,13.0,0.04171538461538461,0.0,103318.75,0.169840931431775
2025-11-06 16:00:00,HIGH,7,뉴스 급증 (11건); ⚠️ 뉴스+고래 동시 급증,11.0,0.03090909090909091,0.09090909090826446,103185.48,-0.1289891718589397
2025-11-06 19:00:00,MEDIUM,5,⚠️ 뉴스+고래 동시 급증,8.0,0.0,0.0,103122.54,0.3039879093485131
2025-11-07 05:00:00,MEDIUM,5,⚠️ 뉴스+고래 동시 급증,9.0,0.05673333333333334,0.0,100914.11,-0.4681976245701991
2025-11-07 06:00:00,HIGH,7,뉴스 급증 (17건); ⚠️ 뉴스+고래 동시 급증,17.0,0.0,0.11764705882283738,101117.17,0.2012206221706725
2025-11-07 07:00:00,HIGH,7,뉴스 급증 (13건); ⚠️ 뉴스+고래 동시 급증,13.0,0.0,0.1538461538449704,101415.05,0.2945889407308444
2025-11-07 08:00:00,HIGH,7,뉴스 급증 (17건); ⚠️ 뉴스+고래 동시 급증,17.0,0.0,0.17647058823425607,101346.04,-0.0680470995182758
2025-11-07 10:00:00,HIGH,7,뉴스 급증 (12건); ⚠️ 뉴스+고래 동시 급증,12.0,0.0,0.08333333333263888,101538.96,0.0583170361622809
2025-11-07 11:00:00,HIGH,7,뉴스 급증 (10건); ⚠️ 뉴스+고래 동시 급증,10.0,0.0,0.399999999996,101905.11,0.3606005025066139
2025-11-07 14:00:00,HIGH,7,뉴스 급증 (10건); ⚠️ 뉴스+고래 동시 급증,10.0,0.0,0.099999999999,102447.47,0.4119294082293168
2025-11-07 15:00:00,HIGH,7,뉴스 급증 (10건); ⚠️ 뉴스+고래 동시 급증,10.0,0.0,0.099999999999,101819.1,-0.6133582410575822
2025-11-07 16:00:00,HIGH,7,뉴스 급증 (10건); ⚠️ 뉴스+고래 동시 급증,10.0,0.0,0.099999999999,102010.0,0.1874893806761202
2025-11-07 18:00:00,HIGH,7,뉴스 급증 (10건); ⚠️ 뉴스+고래 동시 급증,10.0,0.025,0.099999999999,101013.66,-0.4754070547285494
2025-11-07 19:00:00,MEDIUM,5,⚠️ 뉴스+고래 동시 급증,9.0,0.0,0.0,100770.85,-0.2403734306825389
2025-11-07 23:00:00,MEDIUM,5,⚠️ 뉴스+고래 동시 급증,8.0,0.0,0.0,100806.08,0.457142116857101
2025-11-08 07:00:00,HIGH,7,뉴스 급증 (13건); ⚠️ 뉴스+고래 동시 급증,13.0,0.08990769230769231,0.23076923076745562,103633.03,-0.2370059924394874
2025-11-08 08:00:00,MEDIUM,5,⚠️ 뉴스+고래 동시 급증,8.0,0.0,0.249999999996875,103339.08,-0.2836450888292985
2025-11-11 12:00:00,MEDIUM,4,규제 관련 뉴스 (3건),8.0,0.0,0.1249999999984375,104530.83,-0.7416730682857198
2025-11-12 14:00:00,HIGH,6,뉴스 급증 (12건); 규제 관련 뉴스 (3건),12.0,0.022766666666666668,0.0,103990.4,-0.9992289603226512
2025-11-19 17:00:00,HIGH,6,뉴스 급증 (10건); 규제 관련 뉴스 (3건),10.0,0.0,0.0,95722.72,0.0
2025-11-20 08:00:00,HIGH,6,뉴스 급증 (16건); 규제 관련 뉴스 (3건),16.0,0.0,0.12499999999921876,95722.72,0.0
2025-11-24 17:00:00,HIGH,6,뉴스 급증 (15건); 규제 관련 뉴스 (4건),15.0,0.0,0.06666666666622222,95722.72,0.0
2025-11-27 14:00:00,HIGH,6,뉴스 급증 (11건); 규제 관련 뉴스 (4건),11.0,0.0,0.0,95722.72,0.0
