timestamp,channel,message_id,views,forwards,reactions,sentiment_compound,sentiment_positive,sentiment_negative,sentiment_neutral,message_length
2025-11-29 05:01:10+00:00,@cryptosignals,6250,3576,12,9,0.4939,0.123,0.0,0.877,202
2025-11-28 15:04:25+00:00,@cryptosignals,6249,2181,4,20,0.2732,0.123,0.0,0.877,101
2025-11-28 10:36:45+00:00,@cryptosignals,6248,2379,2,21,-0.6486,0.0,0.223,0.777,98
2025-11-28 06:41:47+00:00,@cryptosignals,6247,2516,5,28,0.0,0.0,0.0,1.0,55
2025-11-28 06:39:11+00:00,@cryptosignals,6246,2462,4,11,0.0,0.0,0.0,1.0,87
2025-11-28 06:29:12+00:00,@cryptosignals,6245,2382,3,18,0.3016,0.234,0.192,0.574,134
2025-11-28 03:02:40+00:00,@cryptosignals,6244,2372,10,13,0.0,0.0,0.0,1.0,89
2025-11-28 02:55:41+00:00,@cryptosignals,6243,2306,7,21,-0.4019,0.103,0.169,0.728,126
2025-11-28 02:43:42+00:00,@cryptosignals,6242,4707,6,0,0.4215,0.583,0.0,0.417,100
2025-11-27 16:56:58+00:00,@cryptosignals,6239,2403,5,19,0.0,0.0,0.0,1.0,77
2025-11-27 07:19:07+00:00,@cryptosignals,6238,2686,8,21,0.2023,0.091,0.0,0.909,114
2025-11-27 07:16:41+00:00,@cryptosignals,6237,2633,8,13,0.4404,0.121,0.0,0.879,132
2025-11-26 18:14:32+00:00,@cryptosignals,6236,2858,1,17,0.0,0.0,0.0,1.0,51
2025-11-26 02:22:19+00:00,@cryptosignals,6235,2989,3,8,0.7003,0.392,0.0,0.608,67
2025-11-25 05:54:03+00:00,@cryptosignals,6234,3673,14,43,0.3291,0.057,0.0,0.943,210
2025-11-24 19:24:55+00:00,@cryptosignals,6233,3431,1,11,0.0,0.0,0.0,1.0,166
2025-11-24 19:19:38+00:00,@cryptosignals,6232,3506,3,11,0.4404,0.367,0.0,0.633,38
2025-11-23 17:23:15+00:00,@cryptosignals,6231,5392,12,77,0.0,0.0,0.0,1.0,43
2025-11-21 14:42:26+00:00,@cryptosignals,6230,5419,12,59,-0.4939,0.0,0.615,0.385,12
2025-11-21 14:36:46+00:00,@cryptosignals,6229,8254,19,54,0.1779,0.083,0.07,0.847,270
2025-11-21 12:34:01+00:00,@cryptosignals,6228,7081,35,49,0.7699,0.237,0.109,0.654,268
2025-11-21 10:04:27+00:00,@cryptosignals,6227,4762,26,46,0.0,0.0,0.0,1.0,54
2025-11-21 07:34:37+00:00,@cryptosignals,6226,6456,12,21,0.0,0.0,0.0,1.0,65
2025-11-21 02:44:01+00:00,@cryptosignals,6224,4816,10,28,0.0,0.0,0.0,1.0,4
2025-11-21 02:40:53+00:00,@cryptosignals,6223,4780,15,28,0.0,0.0,0.0,1.0,90
2025-11-20 15:45:06+00:00,@cryptosignals,6222,6654,3,8,0.0,0.0,0.0,1.0,81
2025-11-20 13:05:45+00:00,@cryptosignals,6221,4186,6,12,0.0,0.0,0.0,1.0,71
2025-11-20 11:40:43+00:00,@cryptosignals,6220,3601,5,34,0.368,0.092,0.0,0.908,140
2025-11-20 10:36:34+00:00,@cryptosignals,6219,6524,12,38,0.9214,0.209,0.089,0.703,495
2025-11-20 09:03:15+00:00,@cryptosignals,6218,4770,1,4,0.0,0.0,0.0,1.0,0
2025-11-20 08:24:44+00:00,@cryptosignals,6217,3517,1,0,0.0,0.0,0.0,1.0,65
2025-11-20 07:56:27+00:00,@cryptosignals,6216,2751,1,2,0.0,0.0,0.0,1.0,22
2025-11-20 07:56:27+00:00,@cryptosignals,6215,2793,4,5,0.0,0.0,0.0,1.0,167
2025-11-19 04:31:33+00:00,@cryptosignals,6214,5129,13,61,0.4404,0.162,0.0,0.838,82
2025-11-19 02:20:51+00:00,@cryptosignals,6212,3320,1,26,0.0,0.0,0.0,1.0,8
2025-11-18 19:15:57+00:00,@cryptosignals,6210,3590,5,35,-0.1027,0.0,0.113,0.887,70
2025-11-18 16:34:56+00:00,@cryptosignals,6209,3549,6,38,0.0,0.0,0.0,1.0,44
2025-11-18 16:01:45+00:00,@cryptosignals,6208,5135,7,31,0.25,0.134,0.081,0.785,176
2025-11-18 15:56:23+00:00,@cryptosignals,6207,3392,21,60,-0.2144,0.0,0.069,0.931,154
2025-11-18 14:27:00+00:00,@cryptosignals,6206,8812,10,16,0.0,0.0,0.0,1.0,110
2025-11-18 08:15:00+00:00,@cryptosignals,6205,5621,34,52,0.0,0.0,0.0,1.0,29
2025-11-18 08:06:44+00:00,@cryptosignals,6203,5067,8,4,0.0,0.0,0.0,1.0,101
2025-11-18 08:00:23+00:00,@cryptosignals,6201,3208,10,9,0.0,0.0,0.0,1.0,30
2025-11-18 07:52:21+00:00,@cryptosignals,6200,3114,8,8,0.4019,0.252,0.0,0.748,58
2025-11-18 07:40:34+00:00,@cryptosignals,6199,3079,6,6,0.0,0.0,0.0,1.0,31
2025-11-18 07:35:49+00:00,@cryptosignals,6198,2961,10,9,0.0,0.0,0.0,1.0,31
2025-11-18 07:26:34+00:00,@cryptosignals,6197,3043,24,21,-0.1695,0.0,0.089,0.911,122
2025-11-18 07:20:36+00:00,@cryptosignals,6196,3126,11,14,0.2023,0.172,0.138,0.69,125
2025-11-18 06:18:42+00:00,@cryptosignals,6195,4868,30,62,0.9214,0.209,0.089,0.703,495
2025-11-18 04:08:42+00:00,@cryptosignals,6194,2942,8,29,-0.2946,0.127,0.242,0.631,98
2025-11-18 04:02:35+00:00,@cryptosignals,6193,3641,15,22,0.4939,0.149,0.085,0.766,257
2025-11-18 03:56:40+00:00,@cryptosignals,6192,2872,2,11,0.0,0.0,0.0,1.0,0
2025-11-17 08:26:26+00:00,@cryptosignals,6190,3348,13,15,0.2263,0.115,0.077,0.809,128
2025-11-17 08:22:13+00:00,@cryptosignals,6189,3061,8,10,0.0,0.0,0.0,1.0,56
2025-11-17 08:18:21+00:00,@cryptosignals,6188,2763,11,10,0.8741,0.379,0.0,0.621,127
2025-11-17 08:14:49+00:00,@cryptosignals,6187,2637,8,6,0.0,0.0,0.0,1.0,28
2025-11-17 08:13:17+00:00,@cryptosignals,6186,2514,6,8,0.0,0.0,0.0,1.0,33
2025-11-17 08:11:13+00:00,@cryptosignals,6185,2429,10,9,0.0,0.0,0.0,1.0,30
2025-11-17 08:08:23+00:00,@cryptosignals,6184,2600,11,6,0.0,0.0,0.0,1.0,31
2025-11-17 08:05:56+00:00,@cryptosignals,6183,2559,11,11,0.8934,0.246,0.0,0.754,243
2025-11-17 07:59:41+00:00,@cryptosignals,6181,2481,10,5,0.0,0.0,0.0,1.0,30
2025-11-17 07:57:46+00:00,@cryptosignals,6180,2444,11,7,0.0,0.0,0.0,1.0,30
2025-11-17 07:54:25+00:00,@cryptosignals,6179,2417,12,15,-0.3968,0.0,0.17,0.83,127
2025-11-17 07:52:01+00:00,@cryptosignals,6178,2372,5,8,0.0,0.0,0.0,1.0,33
2025-11-17 07:49:09+00:00,@cryptosignals,6177,2443,7,8,0.0,0.0,0.0,1.0,31
2025-11-17 07:46:48+00:00,@cryptosignals,6176,2361,8,7,0.0,0.0,0.0,1.0,32
2025-11-17 07:44:43+00:00,@cryptosignals,6175,2391,10,10,0.0,0.0,0.0,1.0,30
2025-11-17 07:42:45+00:00,@cryptosignals,6174,2286,10,7,0.0,0.0,0.0,1.0,30
2025-11-17 07:40:01+00:00,@cryptosignals,6173,2589,11,15,0.0,0.0,0.0,1.0,30
2025-11-17 07:35:42+00:00,@cryptosignals,6172,2859,11,19,-0.7814,0.047,0.125,0.827,360
2025-11-16 04:10:48+00:00,@cryptosignals,6171,3168,11,41,-0.8481,0.0,0.434,0.566,84
2025-11-15 08:45:15+00:00,@cryptosignals,6170,3246,11,41,-0.2732,0.0,0.104,0.896,116
2025-11-15 08:35:23+00:00,@cryptosignals,6169,3152,14,42,0.0857,0.077,0.067,0.855,194
2025-11-15 08:32:15+00:00,@cryptosignals,6168,3131,10,26,0.0,0.0,0.0,1.0,101
2025-11-15 08:25:46+00:00,@cryptosignals,6167,2953,3,18,0.1531,0.144,0.112,0.745,99
2025-11-14 18:30:34+00:00,@cryptosignals,6166,2778,1,7,0.0,0.0,0.0,1.0,24
2025-11-14 18:30:33+00:00,@cryptosignals,6165,2729,4,5,0.0,0.0,0.0,1.0,164
2025-11-14 14:23:42+00:00,@cryptosignals,6164,3361,17,46,0.4404,0.081,0.0,0.919,208
2025-11-14 08:13:08+00:00,@cryptosignals,6163,3311,3,88,0.0,0.0,0.0,1.0,20
2025-11-13 02:51:13+00:00,@cryptosignals,6162,10395,7,0,0.0,0.0,0.0,1.0,0
2025-11-12 16:56:50+00:00,@cryptosignals,6161,4046,2,32,0.4215,0.483,0.0,0.517,17
2025-11-12 14:36:48+00:00,@cryptosignals,6160,4500,4,17,0.4019,0.13,0.0,0.87,102
2025-11-11 17:49:57+00:00,@cryptosignals,6159,4798,6,25,0.4019,0.13,0.0,0.87,112
2025-11-11 17:40:04+00:00,@cryptosignals,6158,4757,10,23,0.4019,0.119,0.0,0.881,127
2025-11-11 04:09:00+00:00,@cryptosignals,6157,4089,3,75,0.4404,0.225,0.0,0.775,86
2025-11-11 04:07:40+00:00,@cryptosignals,6156,4072,2,23,0.0,0.0,0.0,1.0,8
2025-11-10 11:32:18+00:00,@cryptosignals,6155,5123,11,35,0.6938,0.197,0.092,0.711,266
2025-11-07 18:42:35+00:00,@cryptosignals,6154,4322,2,8,0.0,0.0,0.0,1.0,79
2025-11-07 18:42:35+00:00,@cryptosignals,6153,4204,4,5,0.0,0.0,0.0,1.0,162
2025-11-07 16:24:20+00:00,@cryptosignals,6152,4307,8,39,0.4404,0.266,0.0,0.734,23
2025-11-06 19:07:28+00:00,@cryptosignals,6151,4542,0,7,0.0,0.0,0.0,1.0,25
2025-11-06 19:07:28+00:00,@cryptosignals,6150,3930,4,5,0.0,0.0,0.0,1.0,155
2025-11-01 16:45:19+00:00,@cryptosignals,6149,6283,3,35,0.0,0.0,0.0,1.0,46
2025-10-30 08:22:09+00:00,@cryptosignals,6148,6962,15,46,-0.2182,0.034,0.068,0.898,287
2025-10-30 03:07:32+00:00,@cryptosignals,6147,5858,11,76,0.5574,0.189,0.0,0.811,143
2025-10-29 18:04:04+00:00,@cryptosignals,6146,10246,23,37,-0.1531,0.2,0.291,0.509,73
2025-10-29 18:02:55+00:00,@cryptosignals,6145,9592,9,26,0.0,0.0,0.0,1.0,64
2025-10-29 18:00:23+00:00,@cryptosignals,6144,10103,13,30,-0.4466,0.0,0.423,0.577,18
2025-10-29 17:46:38+00:00,@cryptosignals,6143,6808,16,52,0.0,0.0,0.0,1.0,125
2025-10-29 17:43:36+00:00,@cryptosignals,6142,6673,33,50,-0.6808,0.0,0.228,0.772,111
2025-10-29 17:41:03+00:00,@cryptosignals,6141,5504,2,49,0.0,0.0,0.0,1.0,30
2025-10-24 12:40:43+00:00,@cryptosignals,6140,10787,17,58,0.8313,0.302,0.0,0.698,123
2025-10-24 12:38:34+00:00,@cryptosignals,6139,6882,17,32,0.7269,0.169,0.0,0.831,194
2025-10-21 15:50:26+00:00,@cryptosignals,6137,7301,3,26,0.0,0.0,0.0,1.0,29
2025-10-20 08:26:03+00:00,@cryptosignals,6136,6668,11,13,-0.5423,0.0,0.17,0.83,130
2025-10-20 08:23:07+00:00,@cryptosignals,6135,5552,11,4,0.0,0.0,0.0,1.0,129
2025-10-20 08:20:05+00:00,@cryptosignals,6134,4621,8,10,0.0,0.0,0.0,1.0,135
2025-10-20 08:17:43+00:00,@cryptosignals,6133,4413,13,7,-0.5423,0.0,0.17,0.83,130
2025-10-20 06:59:40+00:00,@cryptosignals,6132,4509,5,22,0.0,0.0,0.0,1.0,43
2025-10-20 06:54:44+00:00,@cryptosignals,6131,19465,22,13,0.0,0.0,0.0,1.0,81
2025-10-20 06:38:44+00:00,@cryptosignals,6130,4854,16,41,-0.2732,0.0,0.046,0.954,261
2025-10-20 03:12:31+00:00,@cryptosignals,6129,5026,10,63,0.0,0.0,0.0,1.0,79
2025-10-19 09:55:09+00:00,@cryptosignals,6128,8610,23,57,0.0,0.0,0.0,1.0,109
2025-10-16 17:58:12+00:00,@cryptosignals,6127,7041,4,36,0.0,0.0,0.0,1.0,10
2025-10-16 17:56:53+00:00,@cryptosignals,6126,6777,5,50,0.5994,0.328,0.0,0.672,50
2025-10-16 07:39:04+00:00,@cryptosignals,6125,7296,12,26,0.0,0.0,0.0,1.0,123
2025-10-15 18:21:51+00:00,@cryptosignals,6124,6228,11,52,0.5927,0.159,0.057,0.784,131
2025-10-15 18:19:14+00:00,@cryptosignals,6123,5612,11,24,0.0,0.0,0.0,1.0,135
2025-10-15 18:10:59+00:00,@cryptosignals,6122,5211,11,19,0.5267,0.127,0.0,0.873,233
2025-10-15 18:05:48+00:00,@cryptosignals,6121,4380,3,7,0.0,0.0,0.0,1.0,70
2025-10-15 18:01:08+00:00,@cryptosignals,6120,4091,4,5,0.6597,0.153,0.0,0.847,184
2025-10-15 17:54:48+00:00,@cryptosignals,6119,3942,4,8,0.743,0.205,0.042,0.753,198
2025-10-15 17:42:52+00:00,@cryptosignals,6118,4047,9,19,0.0,0.0,0.0,1.0,37
2025-10-15 09:18:19+00:00,@cryptosignals,6117,5100,17,25,-0.4541,0.019,0.056,0.924,569
2025-10-15 09:06:34+00:00,@cryptosignals,6116,4756,15,25,0.128,0.066,0.056,0.878,242
2025-10-11 03:28:42+00:00,@cryptosignals,6115,6107,15,50,0.0258,0.121,0.117,0.762,129
2025-10-11 03:01:37+00:00,@cryptosignals,6114,6095,9,33,0.7461,0.192,0.08,0.728,249
2025-10-11 02:57:34+00:00,@cryptosignals,6113,10527,11,5,-0.2584,0.0,0.289,0.711,116
2025-10-11 02:50:35+00:00,@cryptosignals,6112,6157,8,33,0.3182,0.233,0.153,0.613,77
2025-10-11 02:47:10+00:00,@cryptosignals,6111,6306,28,43,0.6908,0.213,0.078,0.709,184
2025-10-11 02:40:22+00:00,@cryptosignals,6110,6350,12,32,-0.5984,0.0,0.178,0.822,116
2025-10-11 02:35:56+00:00,@cryptosignals,6109,5949,5,26,0.0,0.0,0.0,1.0,110
2025-10-11 02:24:33+00:00,@cryptosignals,6108,5570,7,34,-0.6739,0.0,0.694,0.306,16
2025-10-10 07:57:39+00:00,@cryptosignals,6107,5729,5,33,0.0,0.0,0.0,1.0,92
2025-10-07 15:40:48+00:00,@cryptosignals,6106,7108,8,45,0.0,0.0,0.0,1.0,17
2025-10-03 17:03:27+00:00,@cryptosignals,6105,9080,4,8,0.0,0.0,0.0,1.0,106
2025-10-03 16:55:48+00:00,@cryptosignals,6104,8486,15,26,0.0,0.0,0.0,1.0,158
2025-10-02 17:30:50+00:00,@cryptosignals,6103,6207,1,6,0.0,0.0,0.0,1.0,35
2025-10-02 16:11:44+00:00,@cryptosignals,6102,5974,11,36,0.0,0.0,0.0,1.0,187
2025-10-01 09:19:10+00:00,@cryptosignals,6100,6417,7,26,0.5994,0.196,0.0,0.804,106
2025-10-01 05:51:27+00:00,@cryptosignals,6099,5748,31,48,-0.2023,0.049,0.069,0.882,209
2025-09-30 18:56:41+00:00,@cryptosignals,6098,5733,7,66,0.0,0.0,0.0,1.0,32
2025-09-29 01:50:44+00:00,@cryptosignals,6097,6259,1,13,0.0,0.0,0.0,1.0,22
2025-09-29 01:50:44+00:00,@cryptosignals,6096,5383,5,10,0.0,0.0,0.0,1.0,164
2025-09-27 08:12:40+00:00,@cryptosignals,6095,10118,17,17,0.0,0.0,0.0,1.0,91
2025-09-27 08:06:02+00:00,@cryptosignals,6094,6803,15,33,-0.0817,0.163,0.151,0.686,253
2025-09-27 07:51:50+00:00,@cryptosignals,6093,5446,10,23,-0.0772,0.038,0.064,0.898,247
2025-09-26 07:05:35+00:00,@cryptosignals,6092,5231,22,39,0.6369,0.218,0.1,0.682,207
2025-09-26 06:33:48+00:00,@cryptosignals,6091,5279,1,41,0.0,0.0,0.0,1.0,26
2025-09-23 13:53:39+00:00,@cryptosignals,6090,6970,8,39,0.4019,0.252,0.0,0.748,57
2025-09-23 13:51:13+00:00,@cryptosignals,6089,6554,12,32,0.0,0.0,0.0,1.0,129
2025-09-20 11:24:38+00:00,@cryptosignals,6088,6512,2,11,0.0,0.0,0.0,1.0,22
2025-09-20 11:24:38+00:00,@cryptosignals,6087,5346,4,6,0.0,0.0,0.0,1.0,155
2025-09-20 05:02:06+00:00,@cryptosignals,6086,5568,1,10,0.4019,0.13,0.0,0.87,80
2025-09-19 09:07:12+00:00,@cryptosignals,6085,4752,20,15,-0.296,0.0,0.046,0.954,215
2025-09-18 17:19:24+00:00,@cryptosignals,6084,5585,25,23,-0.296,0.0,0.041,0.959,237
2025-09-18 08:53:13+00:00,@cryptosignals,6083,4212,1,12,0.0,0.0,0.0,1.0,24
2025-09-18 08:53:12+00:00,@cryptosignals,6082,4722,1,10,0.0,0.0,0.0,1.0,161
2025-09-17 18:00:34+00:00,@cryptosignals,6081,8703,13,56,-0.4466,0.0,0.423,0.577,18
2025-09-16 08:44:32+00:00,@cryptosignals,6080,6302,18,59,0.0,0.0,0.0,1.0,41
2025-09-15 07:22:27+00:00,@cryptosignals,6079,7627,32,59,0.4173,0.166,0.0,0.834,85
2025-09-13 16:37:58+00:00,@cryptosignals,6078,11604,9,15,0.0,0.0,0.0,1.0,81
2025-09-10 15:59:57+00:00,@cryptosignals,6077,8073,3,24,0.0,0.0,0.0,1.0,33
2025-09-10 15:59:56+00:00,@cryptosignals,6076,6263,4,17,0.0,0.0,0.0,1.0,111
2025-09-10 08:23:27+00:00,@cryptosignals,6075,6538,7,31,0.4588,0.12,0.0,0.88,144
2025-09-10 08:10:51+00:00,@cryptosignals,6074,6794,18,30,0.7096,0.174,0.0,0.826,181
2025-09-10 08:02:03+00:00,@cryptosignals,6073,6085,20,69,-0.0644,0.038,0.041,0.921,459
2025-09-07 13:31:21+00:00,@cryptosignals,6072,10313,4,301,-0.296,0.0,0.524,0.476,19
2025-08-30 14:01:43+00:00,@cryptosignals,6071,10108,33,58,0.7096,0.16,0.095,0.746,350
2025-08-28 13:51:40+00:00,@cryptosignals,6070,8429,3,14,0.0,0.0,0.0,1.0,22
2025-08-28 13:51:39+00:00,@cryptosignals,6069,7516,9,17,0.0,0.0,0.0,1.0,155
2025-08-20 07:50:33+00:00,@cryptosignals,6068,10190,54,83,0.5023,0.058,0.027,0.915,365
2025-08-14 13:33:37+00:00,@cryptosignals,6067,17017,43,66,-0.3182,0.0,0.091,0.909,141
2025-08-14 12:35:41+00:00,@cryptosignals,6066,10645,17,37,0.0,0.0,0.0,1.0,33
2025-08-14 08:49:10+00:00,@cryptosignals,6065,13240,47,62,0.7212,0.265,0.09,0.645,173
2025-08-12 01:22:45+00:00,@cryptosignals,6064,8601,3,20,0.8828,0.23,0.0,0.77,223
2025-08-12 01:22:45+00:00,@cryptosignals,6063,5708,5,8,0.4019,0.051,0.0,0.949,490
2025-08-10 04:36:43+00:00,@cryptosignals,6062,7147,33,58,-0.4939,0.06,0.14,0.8,228
2025-08-08 04:46:37+00:00,@cryptosignals,6061,8346,13,29,0.2023,0.067,0.0,0.933,167
2025-08-05 07:56:54+00:00,@cryptosignals,6060,10711,49,61,-0.3744,0.055,0.099,0.845,290
2025-08-04 07:24:15+00:00,@cryptosignals,6059,8915,32,63,-0.6708,0.046,0.158,0.796,211
2025-08-02 18:39:44+00:00,@cryptosignals,6058,12776,7,14,0.0,0.0,0.0,1.0,81
2025-08-02 11:03:29+00:00,@cryptosignals,6057,14096,39,43,-0.34,0.119,0.199,0.682,82
2025-08-01 19:03:26+00:00,@cryptosignals,6056,9858,17,38,0.0,0.0,0.0,1.0,100
2025-08-01 18:56:04+00:00,@cryptosignals,6055,7775,1,31,0.8442,0.503,0.0,0.497,50
2025-08-01 11:01:47+00:00,@cryptosignals,6054,8741,42,54,0.0007,0.025,0.025,0.951,511
2025-08-01 10:29:20+00:00,@cryptosignals,6053,16436,8,0,0.0,0.0,0.0,1.0,0
2025-07-30 18:02:16+00:00,@cryptosignals,6052,17118,10,32,-0.296,0.0,0.306,0.694,29
2025-07-29 19:35:55+00:00,@cryptosignals,6051,14256,19,30,-0.1511,0.115,0.152,0.733,103
2025-07-29 13:12:42+00:00,@cryptosignals,6049,8965,7,18,-0.296,0.0,0.121,0.879,108
2025-07-29 12:51:29+00:00,@cryptosignals,6048,12024,20,33,0.368,0.163,0.0,0.837,79
2025-07-29 12:44:35+00:00,@cryptosignals,6047,10996,11,14,0.2023,0.31,0.0,0.69,83
2025-07-29 08:35:04+00:00,@cryptosignals,6046,8247,79,54,0.1531,0.087,0.069,0.844,176
2025-07-28 08:31:02+00:00,@cryptosignals,6045,6523,20,96,0.8689,0.205,0.0,0.795,222
2025-07-28 07:46:18+00:00,@cryptosignals,6044,6581,13,30,0.0,0.0,0.0,1.0,169
2025-07-28 07:40:41+00:00,@cryptosignals,6043,4849,28,18,0.6213,0.156,0.0,0.844,120
2025-07-28 02:42:06+00:00,@cryptosignals,6042,4706,2,9,0.0,0.0,0.0,1.0,125
2025-07-28 02:42:06+00:00,@cryptosignals,6041,4062,4,13,0.0,0.0,0.0,1.0,149
2025-07-27 11:24:15+00:00,@cryptosignals,6040,4375,2,12,0.0,0.0,0.0,1.0,24
2025-07-27 11:24:15+00:00,@cryptosignals,6039,4180,4,15,0.0,0.0,0.0,1.0,152
2025-07-26 06:44:18+00:00,@cryptosignals,6038,4736,2,18,0.4404,0.081,0.0,0.919,107
2025-07-26 06:39:09+00:00,@cryptosignals,6037,4701,5,5,-0.1779,0.141,0.124,0.734,96
2025-07-25 09:25:16+00:00,@cryptosignals,6036,5377,16,47,-0.6463,0.099,0.191,0.71,216
2025-07-25 07:29:16+00:00,@cryptosignals,6035,5191,12,27,-0.4019,0.0,0.144,0.856,147
2025-07-24 07:48:18+00:00,@cryptosignals,6034,6261,16,29,0.2263,0.064,0.0,0.936,169
2025-07-24 07:40:56+00:00,@cryptosignals,6033,5187,30,30,0.0,0.0,0.0,1.0,204
2025-07-23 03:43:51+00:00,@cryptosignals,6032,5461,29,49,0.7783,0.264,0.0,0.736,123
2025-07-22 18:19:38+00:00,@cryptosignals,6031,5904,7,28,0.5106,0.323,0.0,0.677,144
2025-07-22 16:26:29+00:00,@cryptosignals,6030,5362,14,60,0.0,0.0,0.0,1.0,77
2025-07-21 15:17:55+00:00,@cryptosignals,6029,5340,1,16,0.0,0.0,0.0,1.0,25
2025-07-21 13:21:48+00:00,@cryptosignals,6028,5594,1,17,-0.2023,0.033,0.052,0.915,158
2025-07-20 16:51:21+00:00,@cryptosignals,6027,5545,8,19,0.0,0.0,0.0,1.0,36
2025-07-20 16:48:01+00:00,@cryptosignals,6026,5271,7,19,0.0,0.0,0.0,1.0,114
2025-07-20 16:07:04+00:00,@cryptosignals,6023,5216,0,16,0.0,0.0,0.0,1.0,19
2025-07-20 16:05:56+00:00,@cryptosignals,6022,4303,0,3,0.0,0.0,0.0,1.0,34
2025-07-20 16:05:56+00:00,@cryptosignals,6021,4244,5,5,-0.296,0.0,0.047,0.953,209
2025-07-20 15:07:27+00:00,@cryptosignals,6020,5856,4,28,0.5106,0.264,0.0,0.736,161
2025-07-20 12:14:44+00:00,@cryptosignals,6019,6210,3,0,0.0,0.0,0.0,1.0,0
2025-07-20 12:14:43+00:00,@cryptosignals,6018,6748,3,0,0.0,0.0,0.0,1.0,0
2025-07-20 12:14:43+00:00,@cryptosignals,6017,4596,3,20,0.0,0.0,0.0,1.0,20
2025-07-20 12:14:29+00:00,@cryptosignals,6016,5575,3,0,0.0,0.0,0.0,1.0,0
2025-07-20 12:14:28+00:00,@cryptosignals,6015,5352,3,0,0.0,0.0,0.0,1.0,0
2025-07-20 12:14:28+00:00,@cryptosignals,6014,5391,3,0,0.0,0.0,0.0,1.0,0
2025-07-20 12:14:23+00:00,@cryptosignals,6013,4437,4,0,0.0,0.0,0.0,1.0,0
2025-07-20 12:14:22+00:00,@cryptosignals,6012,4531,4,0,0.0,0.0,0.0,1.0,0
2025-07-20 12:14:21+00:00,@cryptosignals,6011,4589,4,0,0.0,0.0,0.0,1.0,0
2025-07-20 12:14:21+00:00,@cryptosignals,6010,4224,4,0,0.0,0.0,0.0,1.0,0
2025-07-20 12:14:20+00:00,@cryptosignals,6009,4293,4,0,0.0,0.0,0.0,1.0,0
2025-07-20 12:14:20+00:00,@cryptosignals,6008,3985,4,0,0.0,0.0,0.0,1.0,0
2025-07-20 12:14:19+00:00,@cryptosignals,6007,3913,4,14,0.6546,0.118,0.0,0.882,209
2025-07-20 11:55:12+00:00,@cryptosignals,5980,2638,3,10,0.6705,0.208,0.0,0.792,100
2025-07-20 11:55:12+00:00,@cryptosignals,5979,2461,4,12,0.0,0.0,0.0,1.0,144
2025-07-20 10:39:05+00:00,@cryptosignals,5978,2886,2,12,0.8481,0.175,0.0,0.825,202
2025-07-20 09:57:18+00:00,@cryptosignals,5977,2795,3,7,0.0,0.0,0.0,1.0,34
2025-07-20 06:34:02+00:00,@cryptosignals,5974,2895,1,8,0.4019,0.124,0.0,0.876,67
2025-07-20 06:34:01+00:00,@cryptosignals,5973,2784,3,10,0.0,0.0,0.0,1.0,149
2025-07-19 19:41:50+00:00,@cryptosignals,5972,3436,1,10,0.0,0.0,0.0,1.0,36
2025-07-19 15:02:18+00:00,@cryptosignals,5965,3538,12,25,0.4404,0.172,0.0,0.828,85
2025-07-19 08:45:03+00:00,@cryptosignals,5964,3711,4,11,0.4588,0.16,0.0,0.84,152
2025-07-19 08:25:40+00:00,@cryptosignals,5963,3400,7,16,0.2023,0.087,0.0,0.913,126
2025-07-19 08:02:12+00:00,@cryptosignals,5961,3262,10,17,0.7783,0.148,0.0,0.852,280
2025-07-19 07:54:38+00:00,@cryptosignals,5959,3211,17,9,-0.296,0.0,0.046,0.954,207
2025-07-19 07:23:49+00:00,@cryptosignals,5958,3361,10,23,0.2023,0.021,0.0,0.979,500
2025-07-19 06:35:48+00:00,@cryptosignals,5957,3354,2,43,0.0,0.0,0.0,1.0,20
2025-07-18 08:20:36+00:00,@cryptosignals,5953,3954,10,21,0.0,0.0,0.0,1.0,117
2025-07-18 08:17:29+00:00,@cryptosignals,5952,3653,7,10,0.0,0.0,0.0,1.0,135
2025-07-18 08:12:20+00:00,@cryptosignals,5951,3944,10,15,0.9977,0.235,0.0,0.765,1548
2025-07-18 08:02:59+00:00,@cryptosignals,5950,2899,1,1,0.0,0.0,0.0,1.0,32
2025-07-18 08:00:52+00:00,@cryptosignals,5949,2872,0,1,0.0,0.0,0.0,1.0,36
2025-07-18 07:59:34+00:00,@cryptosignals,5948,2702,0,1,0.0,0.0,0.0,1.0,36
2025-07-18 07:58:08+00:00,@cryptosignals,5947,2603,0,1,0.0,0.0,0.0,1.0,37
2025-07-18 07:56:36+00:00,@cryptosignals,5946,2537,1,1,0.0,0.0,0.0,1.0,37
2025-07-18 07:54:59+00:00,@cryptosignals,5945,2555,0,2,0.0,0.0,0.0,1.0,34
2025-07-18 07:52:19+00:00,@cryptosignals,5944,2597,0,1,0.0,0.0,0.0,1.0,62
2025-07-18 07:49:47+00:00,@cryptosignals,5943,2656,0,2,0.0,0.0,0.0,1.0,37
2025-07-18 07:47:46+00:00,@cryptosignals,5942,2734,1,4,0.0,0.0,0.0,1.0,36
2025-07-18 01:28:53+00:00,@cryptosignals,5941,4675,4,7,0.0,0.0,0.0,1.0,123
2025-07-18 01:27:11+00:00,@cryptosignals,5940,2993,4,15,0.0,0.0,0.0,1.0,168
2025-07-18 01:24:31+00:00,@cryptosignals,5939,3073,3,19,0.4215,0.118,0.0,0.882,132
2025-07-17 17:52:32+00:00,@cryptosignals,5937,4977,14,7,0.0,0.0,0.0,1.0,31
2025-07-17 11:47:47+00:00,@cryptosignals,5936,12575,30,19,0.0,0.0,0.0,1.0,107
2025-07-17 08:11:57+00:00,@cryptosignals,5935,3430,17,17,-0.296,0.0,0.046,0.954,205
2025-07-17 08:07:34+00:00,@cryptosignals,5934,3002,1,9,0.4767,0.211,0.098,0.691,124
2025-07-17 08:05:52+00:00,@cryptosignals,5933,2726,4,10,0.4588,0.1,0.0,0.9,175
2025-07-17 07:58:17+00:00,@cryptosignals,5932,2731,1,5,0.0,0.0,0.0,1.0,35
2025-07-17 07:53:54+00:00,@cryptosignals,5931,2960,10,16,0.5859,0.255,0.0,0.745,97
2025-07-17 07:37:05+00:00,@cryptosignals,5930,2865,4,12,0.0,0.0,0.0,1.0,134
2025-07-17 01:11:48+00:00,@cryptosignals,5929,2572,2,4,0.0,0.0,0.0,1.0,23
2025-07-17 01:11:47+00:00,@cryptosignals,5928,2542,3,6,0.0,0.0,0.0,1.0,145
2025-07-16 17:25:59+00:00,@cryptosignals,5927,2843,1,6,0.0,0.0,0.0,1.0,35
2025-07-16 17:24:03+00:00,@cryptosignals,5926,3005,0,5,0.0,0.0,0.0,1.0,34
2025-07-16 09:13:51+00:00,@cryptosignals,5925,5232,3,12,0.0,0.0,0.0,1.0,107
2025-07-16 09:11:51+00:00,@cryptosignals,5924,3198,9,23,0.0,0.0,0.0,1.0,102
2025-07-16 03:15:03+00:00,@cryptosignals,5922,3002,1,7,0.5106,0.117,0.0,0.883,112
2025-07-16 03:15:03+00:00,@cryptosignals,5921,2712,2,8,0.0,0.0,0.0,1.0,149
2025-07-15 16:07:32+00:00,@cryptosignals,5919,2713,1,10,0.2057,0.082,0.047,0.871,121
2025-07-15 16:07:32+00:00,@cryptosignals,5918,2709,2,8,0.0,0.0,0.0,1.0,143
2025-07-15 16:07:10+00:00,@cryptosignals,5917,3190,6,19,0.0,0.0,0.0,1.0,70
2025-07-15 12:32:34+00:00,@cryptosignals,5916,5332,7,19,0.0,0.0,0.0,1.0,109
2025-07-15 07:46:40+00:00,@cryptosignals,5914,3570,12,22,-0.296,0.0,0.046,0.954,206
2025-07-15 07:28:09+00:00,@cryptosignals,5913,3547,14,29,-0.5106,0.0,0.142,0.858,118
2025-07-15 06:43:53+00:00,@cryptosignals,5912,10896,20,41,0.5638,0.34,0.0,0.66,75
2025-07-14 08:41:05+00:00,@cryptosignals,5911,4112,14,53,-0.296,0.0,0.052,0.948,214
2025-07-14 08:34:08+00:00,@cryptosignals,5910,4021,11,21,0.2732,0.06,0.0,0.94,212
2025-07-14 08:04:45+00:00,@cryptosignals,5908,3066,1,9,0.0,0.0,0.0,1.0,39
2025-07-14 07:41:09+00:00,@cryptosignals,5907,3063,1,11,-0.34,0.0,0.118,0.882,53
2025-07-14 07:40:36+00:00,@cryptosignals,5906,3074,1,13,-0.34,0.0,0.118,0.882,53
2025-07-14 07:38:12+00:00,@cryptosignals,5905,3134,1,11,-0.34,0.0,0.118,0.882,52
2025-07-14 04:21:37+00:00,@cryptosignals,5904,3062,0,8,-0.1027,0.0,0.076,0.924,53
2025-07-14 03:49:59+00:00,@cryptosignals,5903,2477,0,11,0.3612,0.091,0.0,0.909,114
2025-07-14 03:49:59+00:00,@cryptosignals,5902,2538,2,6,0.0,0.0,0.0,1.0,152
2025-07-14 03:39:27+00:00,@cryptosignals,5901,2730,1,9,0.0,0.0,0.0,1.0,81
2025-07-14 01:41:29+00:00,@cryptosignals,5900,3030,1,7,0.0,0.0,0.0,1.0,24
2025-07-13 13:59:08+00:00,@cryptosignals,5899,3111,0,6,0.4019,0.119,0.0,0.881,93
2025-07-13 13:59:07+00:00,@cryptosignals,5898,3226,3,4,0.0,0.0,0.0,1.0,146
2025-07-12 09:57:42+00:00,@cryptosignals,5897,3871,22,21,-0.296,0.0,0.046,0.954,211
2025-07-11 19:15:34+00:00,@cryptosignals,5896,10318,65,28,-0.2263,0.0,0.137,0.863,101
2025-07-11 19:05:13+00:00,@cryptosignals,5895,6579,40,34,0.0,0.0,0.0,1.0,86
2025-07-11 09:20:16+00:00,@cryptosignals,5892,4581,15,22,0.0,0.0,0.0,1.0,72
2025-07-11 09:11:14+00:00,@cryptosignals,5891,6558,8,2,0.0,0.0,0.0,1.0,51
2025-07-11 08:54:30+00:00,@cryptosignals,5889,3809,6,8,0.7003,0.112,0.035,0.853,398
2025-07-11 08:28:57+00:00,@cryptosignals,5888,3531,10,15,0.7096,0.216,0.054,0.729,199
2025-07-11 07:32:46+00:00,@cryptosignals,5887,2920,1,0,0.0,0.0,0.0,1.0,34
2025-07-11 07:32:46+00:00,@cryptosignals,5886,3174,5,3,-0.296,0.0,0.046,0.954,209
2025-07-11 07:28:42+00:00,@cryptosignals,5885,2732,7,0,0.0,0.0,0.0,1.0,99
2025-07-11 07:19:13+00:00,@cryptosignals,5884,3126,0,1,0.0,0.0,0.0,1.0,51
2025-07-11 07:00:14+00:00,@cryptosignals,5882,3254,0,0,0.128,0.136,0.113,0.751,63
2025-07-11 06:57:49+00:00,@cryptosignals,5881,2928,0,2,0.128,0.115,0.095,0.791,63
2025-07-11 05:52:24+00:00,@cryptosignals,5880,2740,0,20,0.0,0.0,0.0,1.0,73
2025-07-11 05:10:46+00:00,@cryptosignals,5879,2560,1,3,0.0,0.0,0.0,1.0,34
2025-07-11 05:10:46+00:00,@cryptosignals,5878,2733,4,2,-0.296,0.0,0.046,0.954,203
2025-07-11 03:25:34+00:00,@cryptosignals,5877,2402,1,2,0.0,0.0,0.0,1.0,81
2025-07-11 03:18:18+00:00,@cryptosignals,5875,2294,1,0,0.0,0.0,0.0,1.0,34
2025-07-11 03:18:18+00:00,@cryptosignals,5874,2348,7,3,-0.296,0.0,0.046,0.954,204
2025-07-11 03:17:01+00:00,@cryptosignals,5873,2146,0,1,0.0,0.0,0.0,1.0,35
2025-07-11 03:17:01+00:00,@cryptosignals,5872,2151,5,4,-0.296,0.0,0.046,0.954,203
2025-07-11 03:06:19+00:00,@cryptosignals,5871,2036,0,2,0.0,0.0,0.0,1.0,34
2025-07-11 03:06:19+00:00,@cryptosignals,5870,2337,5,3,-0.296,0.0,0.046,0.954,199
2025-07-11 03:02:21+00:00,@cryptosignals,5869,2538,1,9,0.2755,0.413,0.0,0.587,29
2025-07-10 18:24:27+00:00,@cryptosignals,5868,4660,20,22,0.3612,0.133,0.067,0.8,136
2025-07-10 17:53:54+00:00,@cryptosignals,5867,2815,2,0,0.0,0.0,0.0,1.0,40
2025-07-10 17:48:11+00:00,@cryptosignals,5866,2671,0,0,0.0,0.0,0.0,1.0,35
2025-07-10 17:48:11+00:00,@cryptosignals,5865,2867,6,2,-0.296,0.0,0.046,0.954,206
2025-07-10 17:36:01+00:00,@cryptosignals,5864,3193,1,1,0.0,0.0,0.0,1.0,37
2025-07-10 17:17:53+00:00,@cryptosignals,5863,5172,2,4,0.0,0.0,0.0,1.0,81
2025-07-10 14:32:13+00:00,@cryptosignals,5862,5016,5,0,0.0,0.0,0.0,1.0,81
2025-07-10 07:34:25+00:00,@cryptosignals,5861,3466,6,17,0.2006,0.162,0.105,0.733,180
2025-07-10 07:23:49+00:00,@cryptosignals,5860,3043,9,15,0.4939,0.167,0.0,0.833,129
2025-07-10 07:19:50+00:00,@cryptosignals,5859,2796,6,12,0.2144,0.044,0.0,0.956,217
2025-07-10 07:10:14+00:00,@cryptosignals,5858,2452,1,2,0.0,0.0,0.0,1.0,35
2025-07-10 07:08:00+00:00,@cryptosignals,5857,2466,1,0,0.0,0.0,0.0,1.0,34
2025-07-10 07:06:28+00:00,@cryptosignals,5856,2314,0,0,0.0,0.0,0.0,1.0,25
2025-07-10 07:06:27+00:00,@cryptosignals,5855,1966,1,4,0.0,0.0,0.0,1.0,154
2025-07-10 06:17:41+00:00,@cryptosignals,5854,2212,1,2,0.296,0.268,0.0,0.732,79
2025-07-10 06:11:30+00:00,@cryptosignals,5853,2336,0,4,0.0,0.0,0.0,1.0,22
2025-07-10 06:11:29+00:00,@cryptosignals,5852,2528,3,5,0.0,0.0,0.0,1.0,141
2025-07-10 02:39:53+00:00,@cryptosignals,5851,2475,0,4,0.0,0.0,0.0,1.0,24
2025-07-10 02:39:53+00:00,@cryptosignals,5850,3106,2,7,0.0,0.0,0.0,1.0,171
2025-07-10 01:40:49+00:00,@cryptosignals,5849,3581,1,14,0.0,0.0,0.0,1.0,26
2025-07-09 07:22:19+00:00,@cryptosignals,5848,4077,29,38,0.0,0.0,0.0,1.0,56
2025-07-09 06:53:42+00:00,@cryptosignals,5847,5979,4,1,0.0,0.0,0.0,1.0,51
2025-07-08 07:39:25+00:00,@cryptosignals,5846,4498,19,38,0.0,0.0,0.0,1.0,45
2025-07-07 08:25:24+00:00,@cryptosignals,5845,4715,10,22,0.6369,0.157,0.0,0.843,176
2025-07-07 07:48:18+00:00,@cryptosignals,5844,4366,13,27,0.4019,0.074,0.0,0.926,202
2025-07-06 15:19:50+00:00,@cryptosignals,5843,6647,4,8,0.0,0.0,0.0,1.0,81
2025-07-06 14:28:36+00:00,@cryptosignals,5842,7263,18,21,0.0,0.0,0.0,1.0,0
2025-07-06 14:00:47+00:00,@cryptosignals,5841,3691,0,13,0.0,0.0,0.0,1.0,25
2025-07-06 14:00:47+00:00,@cryptosignals,5840,3684,2,8,0.0,0.0,0.0,1.0,146
2025-07-04 08:40:28+00:00,@cryptosignals,5839,4360,15,15,-0.296,0.0,0.046,0.954,199
2025-07-04 08:15:45+00:00,@cryptosignals,5838,4333,6,18,0.5106,0.107,0.042,0.851,257
2025-07-04 08:10:16+00:00,@cryptosignals,5837,4465,6,21,0.0,0.0,0.0,1.0,89
2025-07-04 07:49:56+00:00,@cryptosignals,5836,4581,6,29,0.0,0.0,0.0,1.0,24
2025-07-03 12:08:30+00:00,@cryptosignals,5835,4887,4,26,0.4404,0.162,0.0,0.838,95
2025-07-02 16:20:59+00:00,@cryptosignals,5834,4796,1,10,0.0,0.0,0.0,1.0,98
2025-07-02 16:20:58+00:00,@cryptosignals,5833,3814,5,4,0.0,0.0,0.0,1.0,145
2025-07-02 15:19:59+00:00,@cryptosignals,5832,3963,0,0,0.0,0.0,0.0,1.0,70
2025-07-02 15:19:08+00:00,@cryptosignals,5831,3846,0,2,0.0,0.0,0.0,1.0,19
2025-07-02 15:19:07+00:00,@cryptosignals,5830,3553,1,2,0.0,0.0,0.0,1.0,154
2025-07-02 15:18:51+00:00,@cryptosignals,5829,3617,1,7,0.0,0.0,0.0,1.0,28
2025-07-01 15:37:48+00:00,@cryptosignals,5828,4508,8,13,0.0,0.0,0.0,1.0,88
2025-06-30 07:40:21+00:00,@cryptosignals,5827,5302,14,30,-0.2732,0.0,0.037,0.963,317
2025-06-30 07:29:51+00:00,@cryptosignals,5826,4390,3,7,0.4404,0.153,0.0,0.847,60
2025-06-29 19:51:25+00:00,@cryptosignals,5824,4993,1,7,0.0,0.0,0.0,1.0,60
2025-06-27 08:46:16+00:00,@cryptosignals,5823,5670,25,27,0.0,0.0,0.0,1.0,102
2025-06-27 08:40:20+00:00,@cryptosignals,5822,5753,20,31,0.4588,0.154,0.0,0.846,145
2025-06-27 08:28:38+00:00,@cryptosignals,5821,5046,19,20,-0.5423,0.0,0.163,0.837,122
2025-06-27 07:47:22+00:00,@cryptosignals,5820,4940,12,22,0.0258,0.121,0.0,0.879,52
2025-06-27 07:33:12+00:00,@cryptosignals,5819,4962,3,11,0.4588,0.13,0.0,0.87,137
2025-06-26 07:54:52+00:00,@cryptosignals,5818,4924,10,23,-0.6985,0.0,0.097,0.903,347
2025-06-26 07:46:48+00:00,@cryptosignals,5817,5065,14,5,0.6486,0.15,0.0,0.85,208
2025-06-26 07:41:57+00:00,@cryptosignals,5816,4486,10,7,-0.296,0.0,0.046,0.954,205
2025-06-26 07:38:42+00:00,@cryptosignals,5815,4564,13,6,-0.296,0.0,0.046,0.954,215
2025-06-26 07:26:15+00:00,@cryptosignals,5814,3865,13,12,-0.296,0.0,0.046,0.954,213
2025-06-26 07:20:13+00:00,@cryptosignals,5813,4861,5,6,0.0,0.0,0.0,1.0,149
2025-06-26 07:18:59+00:00,@cryptosignals,5811,5127,15,9,-0.296,0.0,0.046,0.954,211
2025-06-24 16:53:10+00:00,@cryptosignals,5810,5392,10,31,0.0,0.0,0.0,1.0,72
2025-06-23 20:23:10+00:00,@cryptosignals,5809,5866,18,50,0.0,0.0,0.0,1.0,33
2025-06-23 05:05:46+00:00,@cryptosignals,5808,6219,11,44,0.5267,0.106,0.045,0.848,274
2025-06-18 18:00:29+00:00,@cryptosignals,5807,13670,8,29,-0.296,0.0,0.355,0.645,24
2025-06-18 17:59:02+00:00,@cryptosignals,5806,13336,4,14,0.0,0.0,0.0,1.0,14
2025-06-18 01:34:39+00:00,@cryptosignals,5805,8957,7,43,-0.0803,0.17,0.198,0.631,47
2025-06-18 01:11:53+00:00,@cryptosignals,5804,8651,4,25,0.0,0.0,0.0,1.0,24
2025-06-17 07:48:02+00:00,@cryptosignals,5803,8782,17,36,0.1027,0.081,0.062,0.858,370
2025-06-15 14:56:31+00:00,@cryptosignals,5802,6908,9,31,0.4019,0.231,0.0,0.769,62
2025-06-13 16:11:21+00:00,@cryptosignals,5801,12996,47,93,0.4023,0.091,0.0,0.909,161
2025-06-13 05:38:17+00:00,@cryptosignals,5799,7906,16,91,0.0,0.0,0.0,1.0,64
2025-06-12 07:20:17+00:00,@cryptosignals,5798,7978,8,26,0.4019,0.162,0.0,0.838,83
2025-06-12 07:16:12+00:00,@cryptosignals,5797,7292,12,22,0.7351,0.153,0.0,0.847,236
2025-06-11 12:30:29+00:00,@cryptosignals,5796,9586,16,19,0.0,0.0,0.0,1.0,108
2025-06-11 07:55:35+00:00,@cryptosignals,5795,6694,16,15,-0.296,0.0,0.046,0.954,212
2025-06-11 07:51:28+00:00,@cryptosignals,5794,4575,0,0,0.0,0.0,0.0,1.0,35
2025-06-11 07:41:20+00:00,@cryptosignals,5793,5050,6,9,0.4144,0.075,0.0,0.925,195
2025-06-11 07:07:26+00:00,@cryptosignals,5792,3426,0,5,0.0,0.0,0.0,1.0,34
2025-06-11 07:07:25+00:00,@cryptosignals,5791,4027,3,4,-0.296,0.0,0.046,0.954,205
2025-06-11 07:04:58+00:00,@cryptosignals,5790,3913,4,4,0.0,0.0,0.0,1.0,84
2025-06-11 06:39:01+00:00,@cryptosignals,5789,4546,1,7,0.0,0.0,0.0,1.0,34
2025-06-11 03:31:15+00:00,@cryptosignals,5788,4606,1,10,0.0,0.0,0.0,1.0,382
2025-06-10 17:27:19+00:00,@cryptosignals,5787,3920,9,18,0.0,0.0,0.0,1.0,52
2025-06-10 14:25:30+00:00,@cryptosignals,5786,5994,26,56,0.25,0.167,0.0,0.833,56
2025-06-10 13:31:56+00:00,@cryptosignals,5785,3867,0,2,0.0,0.0,0.0,1.0,102
2025-06-10 13:31:56+00:00,@cryptosignals,5784,3233,1,2,0.0,0.0,0.0,1.0,150
2025-06-10 12:34:31+00:00,@cryptosignals,5783,3064,0,3,0.0,0.0,0.0,1.0,35
2025-06-10 12:34:31+00:00,@cryptosignals,5782,2694,6,4,-0.296,0.0,0.046,0.954,214
2025-06-10 12:15:24+00:00,@cryptosignals,5781,4568,9,12,0.5106,0.323,0.0,0.677,119
2025-06-10 11:59:17+00:00,@cryptosignals,5780,2945,9,5,-0.296,0.0,0.046,0.954,208
2025-06-10 11:50:53+00:00,@cryptosignals,5779,2760,0,1,0.0,0.0,0.0,1.0,59
2025-06-10 11:46:54+00:00,@cryptosignals,5778,2843,0,4,-0.0865,0.084,0.119,0.797,97
2025-06-10 11:46:54+00:00,@cryptosignals,5777,2844,1,3,-0.296,0.0,0.046,0.954,212
2025-06-10 11:39:21+00:00,@cryptosignals,5776,3351,12,21,0.0,0.0,0.0,1.0,95
2025-06-10 08:05:43+00:00,@cryptosignals,5775,3642,11,14,0.0,0.0,0.0,1.0,154
2025-06-10 07:55:48+00:00,@cryptosignals,5774,3618,11,11,0.3612,0.055,0.0,0.945,262
2025-06-10 07:43:53+00:00,@cryptosignals,5773,3455,3,5,0.0,0.0,0.0,1.0,34
2025-06-09 10:17:29+00:00,@cryptosignals,5772,3927,7,17,0.0,0.0,0.0,1.0,69
2025-06-09 10:16:03+00:00,@cryptosignals,5771,3923,4,20,0.4019,0.119,0.0,0.881,128
2025-06-09 08:48:51+00:00,@cryptosignals,5770,3960,13,14,0.0,0.0,0.0,1.0,87
2025-06-09 08:41:27+00:00,@cryptosignals,5769,3907,14,24,0.3612,0.102,0.0,0.898,136
2025-06-09 08:32:43+00:00,@cryptosignals,5768,3688,2,16,0.0,0.0,0.0,1.0,63
2025-06-09 08:24:32+00:00,@cryptosignals,5766,3936,5,14,0.6486,0.112,0.0,0.888,181
2025-06-09 08:09:22+00:00,@cryptosignals,5765,3840,4,8,-0.2263,0.0,0.037,0.963,304
2025-06-07 08:16:23+00:00,@cryptosignals,5764,4625,8,23,0.3612,0.172,0.0,0.828,77
2025-06-07 07:42:58+00:00,@cryptosignals,5763,5006,10,21,-0.1779,0.054,0.068,0.878,258
2025-06-06 11:16:52+00:00,@cryptosignals,5762,4937,10,27,0.34,0.186,0.141,0.673,135
2025-06-06 11:10:01+00:00,@cryptosignals,5761,4946,5,22,-0.1779,0.043,0.055,0.902,318
2025-06-05 07:37:48+00:00,@cryptosignals,5760,5375,11,30,0.2732,0.062,0.0,0.938,190
2025-06-03 04:01:39+00:00,@cryptosignals,5759,5659,2,12,0.0,0.0,0.0,1.0,34
2025-06-03 04:01:39+00:00,@cryptosignals,5758,4832,6,7,-0.296,0.0,0.046,0.954,212
2025-06-03 04:00:37+00:00,@cryptosignals,5757,4438,1,3,0.0,0.0,0.0,1.0,34
2025-06-03 04:00:36+00:00,@cryptosignals,5756,4519,6,8,-0.296,0.0,0.046,0.954,211
2025-06-02 08:42:11+00:00,@cryptosignals,5755,5507,11,36,0.0,0.0,0.0,1.0,94
2025-05-31 08:23:44+00:00,@cryptosignals,5754,6312,22,34,0.0,0.0,0.0,1.0,276
2025-05-31 06:32:53+00:00,@cryptosignals,5753,6312,8,62,-0.3182,0.0,0.697,0.303,9
2025-05-30 10:54:38+00:00,@cryptosignals,5752,6329,1,18,-0.0191,0.0,0.028,0.972,154
2025-05-30 10:54:37+00:00,@cryptosignals,5751,5591,1,6,0.0,0.0,0.0,1.0,142
2025-05-30 08:23:59+00:00,@cryptosignals,5750,7965,13,45,0.0,0.0,0.0,1.0,29
2025-05-28 08:36:55+00:00,@cryptosignals,5749,7053,14,50,0.0,0.0,0.0,1.0,101
2025-05-28 08:00:21+00:00,@cryptosignals,5748,6989,8,24,0.0,0.0,0.0,1.0,112
2025-05-28 03:27:27+00:00,@cryptosignals,5747,5564,6,47,0.0,0.0,0.0,1.0,66
2025-05-28 02:48:47+00:00,@cryptosignals,5746,4919,2,11,0.0,0.0,0.0,1.0,22
2025-05-28 02:48:47+00:00,@cryptosignals,5745,4734,2,12,0.0,0.0,0.0,1.0,149
2025-05-27 09:39:53+00:00,@cryptosignals,5744,5528,3,13,0.0,0.0,0.0,1.0,25
2025-05-27 04:25:35+00:00,@cryptosignals,5743,6284,1,21,-0.4588,0.076,0.203,0.72,64
2025-05-27 00:59:42+00:00,@cryptosignals,5742,5878,11,36,0.8689,0.339,0.0,0.661,111
2025-05-26 17:20:14+00:00,@cryptosignals,5741,5071,8,26,0.0,0.0,0.0,1.0,89
2025-05-26 10:59:39+00:00,@cryptosignals,5740,5326,1,10,0.296,0.121,0.0,0.879,125
2025-05-26 10:58:52+00:00,@cryptosignals,5739,4734,1,6,0.0,0.0,0.0,1.0,23
2025-05-26 10:58:51+00:00,@cryptosignals,5738,5072,2,8,0.0,0.0,0.0,1.0,143
2025-05-26 08:03:33+00:00,@cryptosignals,5737,4452,9,27,0.7721,0.146,0.028,0.826,257
2025-05-26 00:04:37+00:00,@cryptosignals,5736,5883,2,14,0.916,0.181,0.0,0.819,428
2025-05-25 23:59:14+00:00,@cryptosignals,5734,3831,3,21,0.6731,0.184,0.0,0.816,182
2025-05-25 23:59:13+00:00,@cryptosignals,5733,4177,3,23,0.0,0.0,0.0,1.0,178
2025-05-25 23:59:13+00:00,@cryptosignals,5732,4067,3,22,0.2023,0.08,0.065,0.856,248
2025-05-23 13:16:57+00:00,@cryptosignals,5731,6071,23,43,-0.4007,0.072,0.122,0.806,170
2025-05-23 08:24:34+00:00,@cryptosignals,5730,5467,0,9,0.0,0.0,0.0,1.0,35
2025-05-23 08:21:13+00:00,@cryptosignals,5729,5544,7,8,-0.296,0.0,0.046,0.954,216
2025-05-23 08:10:48+00:00,@cryptosignals,5728,4653,0,2,0.0,0.0,0.0,1.0,32
2025-05-23 08:10:47+00:00,@cryptosignals,5727,4502,6,8,-0.296,0.0,0.046,0.954,206
2025-05-22 18:04:59+00:00,@cryptosignals,5726,4029,0,3,0.0,0.0,0.0,1.0,63
2025-05-22 18:04:20+00:00,@cryptosignals,5725,4157,1,5,0.0,0.0,0.0,1.0,44
2025-05-22 18:04:20+00:00,@cryptosignals,5724,4335,6,12,-0.296,0.0,0.046,0.954,212
2025-05-22 17:42:30+00:00,@cryptosignals,5723,3791,0,13,0.0,0.0,0.0,1.0,23
2025-05-22 17:41:07+00:00,@cryptosignals,5722,3916,0,16,0.0,0.0,0.0,1.0,23
2025-05-22 17:39:36+00:00,@cryptosignals,5721,3700,0,14,0.5904,0.258,0.0,0.742,23
2025-05-22 16:14:17+00:00,@cryptosignals,5720,4102,1,12,0.0,0.0,0.0,1.0,18
2025-05-22 16:14:16+00:00,@cryptosignals,5719,4240,10,6,-0.296,0.0,0.046,0.954,206
2025-05-22 15:53:18+00:00,@cryptosignals,5718,6420,7,12,0.3612,0.098,0.0,0.902,203
2025-05-22 15:41:29+00:00,@cryptosignals,5717,4086,0,7,0.0,0.0,0.0,1.0,18
2025-05-22 11:52:55+00:00,@cryptosignals,5716,6896,13,14,0.0,0.0,0.0,1.0,81
2025-05-22 07:21:11+00:00,@cryptosignals,5715,4329,4,13,0.0,0.0,0.0,1.0,29
2025-05-22 06:53:39+00:00,@cryptosignals,5714,20699,40,17,0.0,0.0,0.0,1.0,58
2025-05-22 05:47:00+00:00,@cryptosignals,5713,4069,0,8,0.4276,0.258,0.0,0.742,105
2025-05-22 05:45:58+00:00,@cryptosignals,5712,3640,0,7,0.0,0.0,0.0,1.0,14
2025-05-22 05:45:58+00:00,@cryptosignals,5711,3761,1,8,0.128,0.043,0.0,0.957,172
2025-05-22 02:47:03+00:00,@cryptosignals,5710,4120,22,38,0.4215,0.186,0.095,0.719,139
2025-05-21 17:25:51+00:00,@cryptosignals,5709,6401,11,29,0.296,0.423,0.0,0.577,19
2025-05-21 17:19:07+00:00,@cryptosignals,5708,3992,1,11,0.0,0.0,0.0,1.0,81
2025-05-21 06:51:52+00:00,@cryptosignals,5707,3996,0,2,0.5904,0.299,0.0,0.701,87
2025-05-21 06:44:37+00:00,@cryptosignals,5706,3573,0,6,0.128,0.078,0.064,0.858,87
2025-05-21 06:44:37+00:00,@cryptosignals,5705,3325,1,3,0.0,0.0,0.0,1.0,96
2025-05-21 06:36:45+00:00,@cryptosignals,5704,3551,9,8,-0.296,0.0,0.046,0.954,204
2025-05-21 06:01:27+00:00,@cryptosignals,5703,3301,11,18,-0.2263,0.0,0.06,0.94,163
2025-05-21 05:54:11+00:00,@cryptosignals,5702,3070,0,0,0.5904,0.354,0.0,0.646,22
2025-05-21 05:54:11+00:00,@cryptosignals,5701,3665,1,4,0.5904,0.113,0.0,0.887,149
2025-05-21 03:31:38+00:00,@cryptosignals,5700,3890,17,36,0.4404,0.121,0.0,0.879,129
2025-05-20 08:16:58+00:00,@cryptosignals,5699,4104,11,24,0.0,0.0,0.0,1.0,234
2025-05-20 03:11:32+00:00,@cryptosignals,5698,3680,0,7,0.0,0.0,0.0,1.0,22
2025-05-20 03:11:32+00:00,@cryptosignals,5697,3646,2,10,0.0,0.0,0.0,1.0,146
2025-05-20 03:07:32+00:00,@cryptosignals,5696,3875,2,12,0.0,0.0,0.0,1.0,93
2025-05-19 16:52:34+00:00,@cryptosignals,5695,4026,10,37,0.5719,0.153,0.091,0.756,298
2025-05-19 14:02:34+00:00,@cryptosignals,5694,4097,15,15,-0.296,0.0,0.046,0.954,204
2025-05-19 03:56:47+00:00,@cryptosignals,5692,4212,8,26,-0.8402,0.0,0.188,0.812,200
2025-05-18 15:58:23+00:00,@cryptosignals,5689,3770,2,9,0.0,0.0,0.0,1.0,13
2025-05-18 15:58:22+00:00,@cryptosignals,5688,3652,1,14,0.0,0.0,0.0,1.0,152
2025-05-18 14:47:23+00:00,@cryptosignals,5687,3836,1,28,0.0,0.0,0.0,1.0,56
2025-05-18 10:58:43+00:00,@cryptosignals,5686,3723,2,17,0.34,0.146,0.0,0.854,75
2025-05-18 10:57:37+00:00,@cryptosignals,5685,3956,4,39,0.0258,0.073,0.0,0.927,70
2025-05-18 09:39:44+00:00,@cryptosignals,5684,4013,0,6,0.0,0.0,0.0,1.0,39
2025-05-18 09:39:27+00:00,@cryptosignals,5683,3613,1,4,0.0,0.0,0.0,1.0,16
2025-05-18 09:39:26+00:00,@cryptosignals,5682,3558,1,9,0.0,0.0,0.0,1.0,151
2025-05-18 02:42:03+00:00,@cryptosignals,5679,4265,12,42,0.4939,0.127,0.052,0.822,222
2025-05-16 15:00:37+00:00,@cryptosignals,5678,7353,13,59,0.3182,0.277,0.0,0.723,40
2025-05-15 17:23:26+00:00,@cryptosignals,5676,5185,2,20,0.7288,0.108,0.0,0.892,302
2025-05-15 17:06:15+00:00,@cryptosignals,5675,4663,0,22,0.0,0.0,0.0,1.0,0
2025-05-15 17:03:10+00:00,@cryptosignals,5674,4446,0,22,0.0,0.0,0.0,1.0,18
2025-05-15 17:00:32+00:00,@cryptosignals,5672,4210,0,12,0.0,0.0,0.0,1.0,32
2025-05-15 17:00:32+00:00,@cryptosignals,5671,4220,9,24,0.0,0.0,0.0,1.0,181
2025-05-15 08:31:27+00:00,@cryptosignals,5670,17262,29,34,0.0,0.0,0.0,1.0,106
2025-05-14 19:36:55+00:00,@cryptosignals,5669,18710,23,50,0.0,0.0,0.0,1.0,158
2025-05-14 13:13:49+00:00,@cryptosignals,5668,8207,33,28,0.656,0.055,0.0,0.945,601
2025-05-14 10:57:08+00:00,@cryptosignals,5667,4588,17,15,-0.296,0.0,0.041,0.959,232
2025-05-14 08:56:33+00:00,@cryptosignals,5666,4554,14,6,-0.296,0.0,0.046,0.954,215
2025-05-14 08:50:38+00:00,@cryptosignals,5665,3736,2,3,0.0,0.0,0.0,1.0,19
2025-05-14 08:50:37+00:00,@cryptosignals,5664,3774,5,7,0.0,0.0,0.0,1.0,103
2025-05-14 02:16:43+00:00,@cryptosignals,5663,3484,0,13,0.0,0.0,0.0,1.0,33
2025-05-14 02:16:42+00:00,@cryptosignals,5662,3581,7,8,-0.296,0.0,0.046,0.954,202
2025-05-13 19:50:24+00:00,@cryptosignals,5661,3529,2,11,0.0,0.0,0.0,1.0,34
2025-05-13 19:46:04+00:00,@cryptosignals,5660,3556,3,12,0.2584,0.075,0.0,0.925,153
2025-05-13 19:31:49+00:00,@cryptosignals,5659,3635,1,26,0.0,0.0,0.0,1.0,13
2025-05-13 19:28:15+00:00,@cryptosignals,5658,3075,0,14,0.0,0.0,0.0,1.0,53
2025-05-13 19:28:15+00:00,@cryptosignals,5657,3113,1,9,0.0,0.0,0.0,1.0,75
2025-05-13 19:28:14+00:00,@cryptosignals,5656,3304,1,11,0.0,0.0,0.0,1.0,143
2025-05-13 19:26:46+00:00,@cryptosignals,5655,5061,2,5,0.0,0.0,0.0,1.0,81
2025-05-13 17:31:22+00:00,@cryptosignals,5651,3418,3,27,0.9578,0.255,0.047,0.698,244
2025-05-13 13:49:17+00:00,@cryptosignals,5650,5495,4,21,0.7269,0.336,0.0,0.664,177
2025-05-13 13:29:17+00:00,@cryptosignals,5649,3644,15,26,0.0,0.0,0.0,1.0,193
2025-05-13 13:09:51+00:00,@cryptosignals,5648,3672,12,16,-0.296,0.0,0.046,0.954,213
2025-05-13 13:00:36+00:00,@cryptosignals,5647,3873,12,12,-0.296,0.0,0.046,0.954,231
2025-05-13 12:44:42+00:00,@cryptosignals,5646,6277,14,20,-0.5574,0.0,0.535,0.465,41
2025-05-13 12:44:04+00:00,@cryptosignals,5645,3855,7,28,0.0,0.0,0.0,1.0,36
2025-05-13 00:55:08+00:00,@cryptosignals,5644,4006,2,16,0.4877,0.137,0.0,0.863,81
2025-05-12 11:03:38+00:00,@cryptosignals,5643,8446,18,24,0.0,0.0,0.0,1.0,29
2025-05-12 10:18:26+00:00,@cryptosignals,5641,3925,1,12,0.3703,0.057,0.037,0.906,450
2025-05-12 10:10:42+00:00,@cryptosignals,5640,3735,2,19,-0.1027,0.0,0.037,0.963,206
2025-05-12 10:10:41+00:00,@cryptosignals,5639,3665,6,17,0.0,0.0,0.0,1.0,50
2025-05-12 03:41:49+00:00,@cryptosignals,5638,4106,1,42,0.0,0.0,0.0,1.0,6
2025-05-11 20:22:33+00:00,@cryptosignals,5637,4376,13,20,0.8074,0.304,0.0,0.696,125
2025-05-11 12:20:25+00:00,@cryptosignals,5634,5222,5,11,0.0,0.0,0.0,1.0,78
2025-05-11 12:06:31+00:00,@cryptosignals,5633,6274,2,1,0.7717,0.401,0.0,0.599,134
2025-05-11 12:01:34+00:00,@cryptosignals,5632,4041,9,10,0.7096,0.13,0.0,0.87,300
2025-05-11 11:57:24+00:00,@cryptosignals,5630,3392,10,14,-0.5106,0.0,0.191,0.809,98
2025-05-11 11:53:09+00:00,@cryptosignals,5628,3070,1,0,0.0,0.0,0.0,1.0,34
2025-05-11 11:50:21+00:00,@cryptosignals,5627,3179,1,0,0.0,0.0,0.0,1.0,35
2025-05-11 11:48:02+00:00,@cryptosignals,5626,3030,1,0,0.4877,0.223,0.0,0.777,55
2025-05-11 11:46:20+00:00,@cryptosignals,5625,2792,0,0,0.4877,0.223,0.0,0.777,56
2025-05-11 11:44:34+00:00,@cryptosignals,5624,2649,0,0,0.4877,0.223,0.0,0.777,56
2025-05-11 11:42:07+00:00,@cryptosignals,5623,2732,1,4,-0.0164,0.108,0.11,0.782,70
2025-05-11 11:38:42+00:00,@cryptosignals,5622,2492,0,3,0.4877,0.174,0.0,0.826,57
2025-05-11 11:38:41+00:00,@cryptosignals,5621,2228,4,0,0.0,0.0,0.0,1.0,87
2025-05-11 11:35:48+00:00,@cryptosignals,5620,2321,2,2,0.4877,0.174,0.0,0.826,57
2025-05-11 11:32:00+00:00,@cryptosignals,5619,2200,2,0,0.4877,0.26,0.0,0.74,41
2025-05-11 11:28:53+00:00,@cryptosignals,5618,2261,1,2,0.4877,0.26,0.0,0.74,42
2025-05-11 11:28:52+00:00,@cryptosignals,5617,2393,4,0,0.0,0.0,0.0,1.0,31
2025-05-11 11:27:02+00:00,@cryptosignals,5616,2356,2,0,0.4877,0.26,0.0,0.74,40
2025-05-11 11:24:45+00:00,@cryptosignals,5615,2336,0,3,0.8018,0.474,0.0,0.526,41
2025-05-11 11:22:46+00:00,@cryptosignals,5614,2292,0,0,0.0,0.0,0.0,1.0,58
2025-05-11 11:16:09+00:00,@cryptosignals,5613,2212,0,2,0.6808,0.172,0.0,0.828,160
2025-05-11 10:52:44+00:00,@cryptosignals,5611,2286,1,0,0.6081,0.153,0.043,0.804,181
2025-05-11 10:52:43+00:00,@cryptosignals,5610,2284,7,10,0.5904,0.434,0.0,0.566,45
2025-05-11 10:05:52+00:00,@cryptosignals,5609,2647,2,59,0.4019,0.172,0.0,0.828,73
2025-05-11 05:07:11+00:00,@cryptosignals,5608,2713,5,13,0.0,0.0,0.0,1.0,98
2025-05-11 05:07:10+00:00,@cryptosignals,5607,2402,7,13,0.0,0.0,0.0,1.0,47
2025-05-11 05:01:06+00:00,@cryptosignals,5606,4115,1,15,0.9816,0.193,0.023,0.785,1162
2025-05-11 04:14:08+00:00,@cryptosignals,5605,2980,2,16,0.0,0.0,0.0,1.0,17
2025-05-10 21:06:44+00:00,@cryptosignals,5604,3429,2,15,0.8402,0.29,0.0,0.71,136
2025-05-10 18:47:05+00:00,@cryptosignals,5603,3363,1,16,0.0,0.0,0.0,1.0,40
2025-05-09 15:18:57+00:00,@cryptosignals,5602,3784,2,15,0.0,0.0,0.0,1.0,38
2025-05-09 15:13:44+00:00,@cryptosignals,5601,3620,0,15,-0.3062,0.037,0.061,0.901,250
2025-05-09 15:04:47+00:00,@cryptosignals,5600,3241,0,19,0.1779,0.116,0.088,0.797,122
2025-05-09 15:01:26+00:00,@cryptosignals,5599,3086,2,13,0.4404,0.112,0.0,0.888,126
2025-05-09 14:33:32+00:00,@cryptosignals,5598,2952,2,14,0.7869,0.232,0.0,0.768,137
2025-05-09 14:30:14+00:00,@cryptosignals,5596,2819,0,9,0.5423,0.144,0.07,0.786,172
2025-05-09 14:26:35+00:00,@cryptosignals,5595,2326,1,8,0.0,0.0,0.0,1.0,92
2025-05-09 14:26:34+00:00,@cryptosignals,5594,2252,5,9,0.0,0.0,0.0,1.0,122
2025-05-09 14:24:15+00:00,@cryptosignals,5593,2219,1,8,0.0,0.0,0.0,1.0,34
2025-05-09 14:24:15+00:00,@cryptosignals,5592,2486,6,8,0.0,0.0,0.0,1.0,139
2025-05-09 14:12:39+00:00,@cryptosignals,5591,2433,0,14,0.7524,0.263,0.0,0.737,98
2025-05-09 14:09:41+00:00,@cryptosignals,5590,2716,0,15,0.7524,0.226,0.0,0.774,121
2025-05-09 14:03:53+00:00,@cryptosignals,5589,2627,1,12,0.4404,0.097,0.0,0.903,100
2025-05-09 14:01:33+00:00,@cryptosignals,5588,2715,1,9,0.0,0.0,0.0,1.0,34
2025-05-09 14:00:01+00:00,@cryptosignals,5587,2833,2,7,0.0,0.0,0.0,1.0,15
2025-05-09 14:00:00+00:00,@cryptosignals,5586,2996,1,13,0.0,0.0,0.0,1.0,145
2025-05-09 06:14:07+00:00,@cryptosignals,5585,3425,7,31,0.872,0.194,0.0,0.806,237
2025-05-09 04:32:10+00:00,@cryptosignals,5584,3326,8,32,0.1027,0.069,0.058,0.873,190
2025-05-09 04:27:18+00:00,@cryptosignals,5583,4902,14,0,0.0,0.0,0.0,1.0,0
2025-05-09 04:27:18+00:00,@cryptosignals,5582,5060,13,28,0.4939,0.198,0.0,0.802,120
2025-05-09 03:39:44+00:00,@cryptosignals,5581,2917,1,9,0.0,0.0,0.0,1.0,14
2025-05-09 03:39:44+00:00,@cryptosignals,5580,3064,0,10,0.0,0.0,0.0,1.0,141
2025-05-08 17:10:21+00:00,@cryptosignals,5578,3391,1,15,0.0,0.0,0.0,1.0,106
2025-05-08 08:53:28+00:00,@cryptosignals,5577,4186,7,30,-0.7876,0.072,0.214,0.714,231
2025-05-08 03:23:29+00:00,@cryptosignals,5576,4429,8,34,-0.7411,0.0,0.189,0.811,142
2025-05-07 14:42:00+00:00,@cryptosignals,5575,4624,3,34,0.0,0.0,0.0,1.0,101
2025-05-03 09:03:17+00:00,@cryptosignals,5574,7168,18,41,-0.1531,0.0,0.048,0.952,190
2025-05-03 08:18:49+00:00,@cryptosignals,5573,6328,12,17,0.6597,0.087,0.027,0.886,433
2025-05-03 06:59:06+00:00,@cryptosignals,5572,5471,2,17,0.5423,0.144,0.07,0.786,170
2025-05-02 20:58:49+00:00,@cryptosignals,5571,8357,7,15,0.5267,0.236,0.0,0.764,148
2025-05-02 19:08:43+00:00,@cryptosignals,5570,5327,5,23,0.0,0.0,0.0,1.0,80
2025-05-02 10:06:53+00:00,@cryptosignals,5567,7883,5,10,0.0,0.0,0.0,1.0,81
2025-05-02 08:28:09+00:00,@cryptosignals,5566,5555,16,14,0.4404,0.116,0.099,0.785,245
2025-05-02 08:17:52+00:00,@cryptosignals,5564,4555,15,12,0.7351,0.167,0.0,0.833,177
2025-05-02 08:10:39+00:00,@cryptosignals,5562,4695,18,16,0.836,0.218,0.0,0.782,184
2025-05-02 07:49:41+00:00,@cryptosignals,5561,4678,19,12,0.5423,0.094,0.037,0.87,210
2025-05-02 06:59:44+00:00,@cryptosignals,5560,5118,20,35,0.3458,0.067,0.0,0.933,278
2025-05-01 18:35:05+00:00,@cryptosignals,5557,5269,2,40,0.296,0.239,0.0,0.761,52
2025-05-01 18:29:35+00:00,@cryptosignals,5556,5495,4,45,0.0,0.0,0.0,1.0,102
2025-05-01 16:04:02+00:00,@cryptosignals,5555,5181,2,22,-0.4678,0.043,0.084,0.873,252
2025-05-01 13:12:07+00:00,@cryptosignals,5554,7529,4,9,0.0,0.0,0.0,1.0,81
2025-05-01 12:44:03+00:00,@cryptosignals,5553,4726,12,24,0.0,0.0,0.0,1.0,144
2025-05-01 12:28:26+00:00,@cryptosignals,5552,4136,4,18,0.0,0.0,0.0,1.0,88
2025-05-01 10:26:32+00:00,@cryptosignals,5551,3958,0,16,0.6249,0.159,0.0,0.841,169
2025-05-01 09:30:37+00:00,@cryptosignals,5550,6368,6,0,0.0,0.0,0.0,1.0,105
2025-05-01 09:28:20+00:00,@cryptosignals,5549,6346,6,0,0.0,0.0,0.0,1.0,81
2025-05-01 07:51:04+00:00,@cryptosignals,5547,4129,5,24,0.0,0.0,0.0,1.0,111
2025-05-01 07:41:09+00:00,@cryptosignals,5546,4119,1,7,0.9617,0.204,0.033,0.763,832
2025-05-01 07:34:21+00:00,@cryptosignals,5545,4830,15,18,0.9979,0.229,0.0,0.771,1468
2025-04-30 17:21:39+00:00,@cryptosignals,5542,5054,6,19,0.1027,0.106,0.091,0.803,114
2025-04-30 17:07:12+00:00,@cryptosignals,5541,4288,0,2,0.0,0.0,0.0,1.0,65
2025-04-30 17:06:59+00:00,@cryptosignals,5540,4165,0,5,0.128,0.043,0.0,0.957,155
2025-04-30 17:06:58+00:00,@cryptosignals,5539,4053,3,10,0.0,0.0,0.0,1.0,141
2025-04-30 07:11:26+00:00,@cryptosignals,5536,3842,4,26,0.5831,0.327,0.117,0.556,86
2025-04-30 03:27:07+00:00,@cryptosignals,5535,4017,0,10,0.0,0.0,0.0,1.0,34
2025-04-30 03:27:06+00:00,@cryptosignals,5534,3945,4,7,0.0,0.0,0.0,1.0,103
2025-04-29 12:41:58+00:00,@cryptosignals,5533,4163,4,17,-0.6858,0.0,0.105,0.895,390
2025-04-29 12:21:45+00:00,@cryptosignals,5532,3973,9,22,-0.5859,0.024,0.133,0.843,280
2025-04-29 09:41:10+00:00,@cryptosignals,5531,4306,0,12,0.0,0.0,0.0,1.0,33
2025-04-29 07:49:05+00:00,@cryptosignals,5530,4492,8,23,0.4588,0.05,0.0,0.95,326
2025-04-29 07:22:13+00:00,@cryptosignals,5529,3987,9,22,-0.7096,0.0,0.121,0.879,320
2025-04-29 03:05:43+00:00,@cryptosignals,5528,3891,3,28,-0.4767,0.0,0.339,0.661,68
2025-04-28 17:23:50+00:00,@cryptosignals,5527,4157,0,0,0.296,0.268,0.0,0.732,73
2025-04-28 17:22:49+00:00,@cryptosignals,5526,3723,1,6,0.0,0.0,0.0,1.0,84
2025-04-28 17:22:49+00:00,@cryptosignals,5525,3719,2,6,0.0,0.0,0.0,1.0,108
2025-04-28 12:22:59+00:00,@cryptosignals,5524,4207,12,18,0.4588,0.2,0.0,0.8,92
2025-04-28 12:19:34+00:00,@cryptosignals,5523,6517,9,18,0.0,0.0,0.0,1.0,115
2025-04-28 07:46:09+00:00,@cryptosignals,5522,4186,20,25,0.0,0.0,0.0,1.0,132
2025-04-28 07:31:39+00:00,@cryptosignals,5521,3838,12,14,0.0,0.0,0.0,1.0,142
2025-04-28 07:04:23+00:00,@cryptosignals,5520,3944,11,19,0.5106,0.142,0.0,0.858,122
2025-04-28 06:55:28+00:00,@cryptosignals,5519,3943,17,18,-0.4404,0.0,0.088,0.912,206
2025-04-27 09:49:24+00:00,@cryptosignals,5518,3711,0,10,0.0,0.0,0.0,1.0,34
2025-04-27 09:49:24+00:00,@cryptosignals,5517,3749,1,7,0.0,0.0,0.0,1.0,96
2025-04-26 09:01:19+00:00,@cryptosignals,5516,4186,1,15,0.0,0.0,0.0,1.0,19
2025-04-26 08:55:56+00:00,@cryptosignals,5515,3791,0,8,0.0,0.0,0.0,1.0,21
2025-04-26 08:55:55+00:00,@cryptosignals,5514,3567,2,10,0.0,0.0,0.0,1.0,100
2025-04-26 05:45:35+00:00,@cryptosignals,5513,3967,1,7,0.0,0.0,0.0,1.0,35
2025-04-26 03:27:11+00:00,@cryptosignals,5511,3898,0,29,0.0,0.0,0.0,1.0,9
2025-04-25 17:38:17+00:00,@cryptosignals,5510,4498,4,20,0.6908,0.143,0.0,0.857,235
2025-04-25 10:14:38+00:00,@cryptosignals,5509,6499,3,14,0.5267,0.63,0.0,0.37,95
2025-04-25 10:11:04+00:00,@cryptosignals,5507,4270,2,15,0.0,0.0,0.0,1.0,0
2025-04-25 10:09:52+00:00,@cryptosignals,5505,3823,0,4,0.0,0.0,0.0,1.0,151
2025-04-25 09:34:43+00:00,@cryptosignals,5504,3843,2,12,0.128,0.158,0.131,0.71,80
2025-04-25 08:16:57+00:00,@cryptosignals,5503,3951,10,23,0.6344,0.184,0.0,0.816,154
2025-04-25 07:50:14+00:00,@cryptosignals,5502,3714,9,11,0.0,0.0,0.0,1.0,99
2025-04-25 07:24:32+00:00,@cryptosignals,5501,3681,1,6,0.128,0.178,0.147,0.675,74
2025-04-25 07:19:17+00:00,@cryptosignals,5500,3353,0,0,0.128,0.218,0.18,0.602,62
2025-04-25 07:19:17+00:00,@cryptosignals,5499,3567,1,0,0.0,0.0,0.0,1.0,31
2025-04-25 07:15:48+00:00,@cryptosignals,5497,3965,9,6,0.0,0.0,0.0,1.0,95
2025-04-25 07:12:26+00:00,@cryptosignals,5496,4299,2,6,0.128,0.218,0.18,0.602,60
2025-04-24 19:33:47+00:00,@cryptosignals,5494,6828,5,16,0.0,0.0,0.0,1.0,81
2025-04-24 18:50:44+00:00,@cryptosignals,5493,6802,2,14,0.0,0.0,0.0,1.0,81
2025-04-24 17:35:33+00:00,@cryptosignals,5492,4544,1,19,-0.2023,0.0,0.079,0.921,117
2025-04-24 17:28:10+00:00,@cryptosignals,5491,4170,0,12,0.0,0.0,0.0,1.0,51
2025-04-24 17:27:08+00:00,@cryptosignals,5490,3854,1,6,0.4404,0.225,0.0,0.775,56
2025-04-24 17:27:07+00:00,@cryptosignals,5489,3479,3,0,0.0,0.0,0.0,1.0,31
2025-04-24 16:03:30+00:00,@cryptosignals,5487,3027,3,0,0.0,0.0,0.0,1.0,30
2025-04-24 15:05:23+00:00,@cryptosignals,5486,3271,3,5,0.0,0.0,0.0,1.0,79
2025-04-24 15:04:23+00:00,@cryptosignals,5485,2935,1,5,0.0,0.0,0.0,1.0,37
2025-04-24 15:04:22+00:00,@cryptosignals,5484,2383,0,8,0.0,0.0,0.0,1.0,144
2025-04-24 15:02:50+00:00,@cryptosignals,5483,2864,0,5,0.0,0.0,0.0,1.0,37
2025-04-24 15:02:49+00:00,@cryptosignals,5482,2610,1,8,0.0,0.0,0.0,1.0,148
2025-04-24 04:26:20+00:00,@cryptosignals,5481,5975,9,15,0.0,0.0,0.0,1.0,145
2025-04-23 12:59:58+00:00,@cryptosignals,5480,3903,3,30,0.4588,0.429,0.0,0.571,39
2025-04-23 12:01:21+00:00,@cryptosignals,5479,4056,22,25,-0.2382,0.0,0.109,0.891,113
2025-04-23 11:28:32+00:00,@cryptosignals,5477,3847,3,5,0.0,0.0,0.0,1.0,59
2025-04-23 11:27:58+00:00,@cryptosignals,5476,3296,2,2,0.1779,0.221,0.0,0.779,50
2025-04-23 11:27:57+00:00,@cryptosignals,5475,2420,1,4,0.0,0.0,0.0,1.0,33
2025-04-23 11:24:36+00:00,@cryptosignals,5474,3502,2,11,0.6166,0.287,0.0,0.713,58
2025-04-23 11:18:51+00:00,@cryptosignals,5473,3514,4,9,0.0,0.0,0.0,1.0,58
2025-04-23 11:12:13+00:00,@cryptosignals,5472,3146,1,8,0.0,0.0,0.0,1.0,90
2025-04-23 09:43:20+00:00,@cryptosignals,5471,3166,2,14,0.0,0.0,0.0,1.0,5
2025-04-23 08:30:11+00:00,@cryptosignals,5470,3356,6,22,-0.2732,0.0,0.072,0.928,144
2025-04-23 08:22:34+00:00,@cryptosignals,5469,3317,1,6,0.128,0.203,0.168,0.629,68
2025-04-23 08:20:03+00:00,@cryptosignals,5468,3312,2,3,0.128,0.218,0.18,0.602,60
2025-04-23 08:17:48+00:00,@cryptosignals,5467,2910,1,2,0.128,0.203,0.168,0.629,67
2025-04-23 08:17:47+00:00,@cryptosignals,5466,2763,3,2,0.0,0.0,0.0,1.0,30
2025-04-23 08:15:04+00:00,@cryptosignals,5465,3017,3,3,0.128,0.203,0.168,0.629,67
2025-04-23 08:10:03+00:00,@cryptosignals,5464,3623,3,2,0.128,0.203,0.168,0.629,66
2025-04-23 08:06:17+00:00,@cryptosignals,5463,3919,2,4,0.128,0.203,0.168,0.629,67
2025-04-22 15:36:24+00:00,@cryptosignals,5462,6399,4,11,0.0,0.0,0.0,1.0,81
2025-04-21 06:18:36+00:00,@cryptosignals,5461,4509,16,19,0.0,0.0,0.0,1.0,29
2025-04-21 01:44:56+00:00,@cryptosignals,5460,4825,5,25,0.0,0.0,0.0,1.0,86
2025-04-21 01:39:52+00:00,@cryptosignals,5459,3925,1,1,0.0,0.0,0.0,1.0,90
2025-04-21 00:54:44+00:00,@cryptosignals,5458,3636,0,3,0.0,0.0,0.0,1.0,14
2025-04-21 00:54:43+00:00,@cryptosignals,5457,3596,3,6,0.0,0.0,0.0,1.0,148
2025-04-20 19:11:40+00:00,@cryptosignals,5456,3928,9,26,0.0258,0.118,0.113,0.769,104
2025-04-20 04:50:10+00:00,@cryptosignals,5455,4217,2,15,0.0,0.0,0.0,1.0,134
2025-04-20 04:50:09+00:00,@cryptosignals,5454,3608,2,6,0.0,0.0,0.0,1.0,33
2025-04-20 04:33:49+00:00,@cryptosignals,5453,4034,0,7,0.0,0.0,0.0,1.0,34
2025-04-20 04:33:49+00:00,@cryptosignals,5452,3856,2,9,0.0,0.0,0.0,1.0,144
2025-04-18 08:17:19+00:00,@cryptosignals,5450,5394,17,22,0.0,0.0,0.0,1.0,30
2025-04-18 08:10:21+00:00,@cryptosignals,5449,5993,19,35,-0.0258,0.088,0.091,0.821,246
2025-04-16 07:25:17+00:00,@cryptosignals,5448,5982,6,21,-0.5106,0.0,0.171,0.829,108
2025-04-15 08:01:25+00:00,@cryptosignals,5447,6588,7,34,0.0,0.0,0.0,1.0,119
2025-04-15 07:34:18+00:00,@cryptosignals,5446,6171,11,33,0.0,0.0,0.0,1.0,85
2025-04-15 05:59:14+00:00,@cryptosignals,5445,8529,12,53,0.7178,0.466,0.128,0.406,30
2025-04-14 12:14:50+00:00,@cryptosignals,5444,6159,14,33,-0.2732,0.0,0.04,0.96,288
2025-04-14 04:37:00+00:00,@cryptosignals,5443,34942,24,59,0.9864,0.215,0.067,0.718,1032
2025-04-13 18:52:17+00:00,@cryptosignals,5442,8191,2,6,0.0,0.0,0.0,1.0,81
2025-04-13 14:06:25+00:00,@cryptosignals,5441,5657,1,20,0.0,0.0,0.0,1.0,54
2025-04-13 09:25:57+00:00,@cryptosignals,5440,5600,0,14,0.0,0.0,0.0,1.0,81
2025-04-13 04:14:37+00:00,@cryptosignals,5439,6053,5,12,-0.5106,0.0,0.248,0.752,69
2025-04-12 19:09:56+00:00,@cryptosignals,5438,5967,2,3,0.0,0.0,0.0,1.0,34
2025-04-12 16:52:26+00:00,@cryptosignals,5437,5621,9,12,0.0,0.0,0.0,1.0,29
2025-04-12 16:14:16+00:00,@cryptosignals,5436,5992,10,21,0.3818,0.069,0.0,0.931,220
2025-04-11 11:39:52+00:00,@cryptosignals,5435,5175,11,7,0.0,0.0,0.0,1.0,30
2025-04-11 11:31:56+00:00,@cryptosignals,5434,5530,4,8,0.7239,0.275,0.0,0.725,118
2025-04-11 11:22:14+00:00,@cryptosignals,5433,5631,3,4,0.7239,0.151,0.0,0.849,208
2025-04-11 10:31:38+00:00,@cryptosignals,5432,5126,3,4,0.0,0.0,0.0,1.0,81
2025-04-10 15:36:59+00:00,@cryptosignals,5431,6188,10,24,0.4173,0.1,0.0,0.9,118
2025-04-10 10:54:52+00:00,@cryptosignals,5430,9088,2,7,0.0,0.0,0.0,1.0,81
2025-04-10 07:32:54+00:00,@cryptosignals,5429,6178,19,50,-0.0194,0.033,0.034,0.933,520
2025-04-10 07:23:23+00:00,@cryptosignals,5428,5075,1,22,0.0,0.0,0.0,1.0,6
2025-04-09 19:31:37+00:00,@cryptosignals,5427,6198,3,19,0.6486,0.251,0.071,0.678,145
2025-04-09 18:05:56+00:00,@cryptosignals,5426,5766,3,15,0.0,0.0,0.0,1.0,50
2025-04-09 17:26:05+00:00,@cryptosignals,5425,9173,9,28,0.0,0.0,0.0,1.0,22
2025-04-09 17:25:20+00:00,@cryptosignals,5424,6241,14,35,-0.296,0.0,0.239,0.761,55
2025-04-08 02:23:59+00:00,@cryptosignals,5423,7212,13,41,0.27,0.101,0.063,0.836,153
2025-04-07 15:26:06+00:00,@cryptosignals,5422,9554,34,51,-0.4466,0.0,0.118,0.882,121
2025-04-07 14:48:34+00:00,@cryptosignals,5421,5963,6,14,0.0,0.0,0.0,1.0,68
2025-04-07 13:00:40+00:00,@cryptosignals,5419,14394,23,20,0.0,0.0,0.0,1.0,85
2025-04-07 07:52:05+00:00,@cryptosignals,5418,6862,23,0,0.0,0.0,0.0,1.0,0
2025-04-07 07:52:04+00:00,@cryptosignals,5417,6751,22,28,0.1027,0.048,0.0,0.952,184
2025-04-07 07:50:33+00:00,@cryptosignals,5416,5177,9,13,-0.0387,0.169,0.133,0.698,233
2025-04-07 07:36:49+00:00,@cryptosignals,5415,5251,7,24,-0.7257,0.033,0.128,0.839,378
2025-04-07 07:03:42+00:00,@cryptosignals,5414,4999,15,18,0.0,0.0,0.0,1.0,97
2025-04-07 04:45:50+00:00,@cryptosignals,5413,5432,12,29,-0.6705,0.079,0.286,0.635,162
2025-04-06 18:25:19+00:00,@cryptosignals,5412,5389,15,48,-0.7906,0.0,0.438,0.562,78
2025-04-06 18:23:42+00:00,@cryptosignals,5411,5682,8,22,0.0,0.0,0.0,1.0,79
2025-04-06 18:21:23+00:00,@cryptosignals,5410,5696,2,0,0.0,0.0,0.0,1.0,81
2025-04-05 12:57:23+00:00,@cryptosignals,5409,9409,17,43,0.5859,0.115,0.042,0.843,311
2025-04-05 09:30:54+00:00,@cryptosignals,5408,5697,17,23,0.0,0.0,0.0,1.0,99
2025-04-05 09:01:59+00:00,@cryptosignals,5407,5598,8,17,0.0,0.0,0.0,1.0,110
2025-04-04 19:28:17+00:00,@cryptosignals,5406,20124,15,38,-0.0772,0.101,0.136,0.763,198
2025-04-04 19:22:56+00:00,@cryptosignals,5405,5408,6,13,-0.2732,0.0,0.065,0.935,161
2025-04-04 17:00:33+00:00,@cryptosignals,5404,8214,2,1,0.0,0.0,0.0,1.0,81
2025-04-04 15:31:08+00:00,@cryptosignals,5403,5214,0,27,-0.3818,0.0,0.342,0.658,38
2025-04-04 14:39:04+00:00,@cryptosignals,5402,5211,6,10,-0.1531,0.0,0.167,0.833,56
2025-04-04 12:57:14+00:00,@cryptosignals,5401,5441,2,18,-0.296,0.0,0.262,0.738,75
2025-04-04 12:41:33+00:00,@cryptosignals,5400,4877,6,8,0.0,0.0,0.0,1.0,33
2025-04-04 12:39:55+00:00,@cryptosignals,5399,4858,9,6,0.0,0.0,0.0,1.0,31
2025-04-04 12:36:22+00:00,@cryptosignals,5398,4931,8,7,0.0,0.0,0.0,1.0,31
2025-04-04 12:30:19+00:00,@cryptosignals,5397,5085,9,18,-0.1027,0.0,0.091,0.909,103
2025-04-04 12:08:37+00:00,@cryptosignals,5395,4972,0,2,0.0,0.0,0.0,1.0,15
2025-04-04 12:05:57+00:00,@cryptosignals,5394,5398,15,17,0.0,0.0,0.0,1.0,30
2025-04-04 12:00:30+00:00,@cryptosignals,5393,5491,17,16,0.0,0.0,0.0,1.0,30
2025-04-04 10:53:46+00:00,@cryptosignals,5392,5585,6,21,0.296,0.145,0.0,0.855,92
2025-04-04 08:21:41+00:00,@cryptosignals,5391,8101,4,10,0.0,0.0,0.0,1.0,81
2025-04-03 15:41:56+00:00,@cryptosignals,5390,8506,6,6,0.0,0.0,0.0,1.0,81
2025-04-03 15:17:32+00:00,@cryptosignals,5388,5725,16,48,0.0,0.0,0.0,1.0,0
2025-04-03 07:11:40+00:00,@cryptosignals,5387,5521,12,29,0.0,0.0,0.0,1.0,199
2025-04-03 06:58:25+00:00,@cryptosignals,5386,4876,8,15,-0.2901,0.0,0.137,0.863,130
2025-04-03 04:30:01+00:00,@cryptosignals,5385,7494,11,10,0.0,0.0,0.0,1.0,81
2025-04-02 18:17:03+00:00,@cryptosignals,5384,5018,16,67,0.0,0.0,0.0,1.0,99
2025-04-02 18:14:15+00:00,@cryptosignals,5383,4814,6,26,0.0,0.0,0.0,1.0,18
2025-04-02 16:16:31+00:00,@cryptosignals,5382,5084,1,4,0.0,0.0,0.0,1.0,81
2025-04-02 16:12:03+00:00,@cryptosignals,5381,8027,11,11,-0.5859,0.0,0.322,0.678,52
2025-04-02 15:50:41+00:00,@cryptosignals,5380,4526,10,22,-0.0516,0.0,0.052,0.948,139
2025-04-02 15:45:58+00:00,@cryptosignals,5379,4478,6,13,0.7579,0.193,0.042,0.765,235
2025-04-02 15:34:39+00:00,@cryptosignals,5378,6642,5,0,0.0,0.0,0.0,1.0,81
2025-04-02 15:29:18+00:00,@cryptosignals,5377,4608,8,21,0.1027,0.085,0.079,0.836,337
2025-04-02 15:12:22+00:00,@cryptosignals,5376,4833,13,12,0.1139,0.067,0.0,0.933,108
2025-04-02 15:07:24+00:00,@cryptosignals,5375,4896,1,4,0.0,0.0,0.0,1.0,81
2025-03-31 19:51:42+00:00,@cryptosignals,5374,8904,24,33,0.5994,0.274,0.0,0.726,85
2025-03-29 17:55:21+00:00,@cryptosignals,5373,6884,2,13,0.0,0.0,0.0,1.0,81
2025-03-27 05:47:33+00:00,@cryptosignals,5372,7552,1,18,0.0,0.0,0.0,1.0,13
2025-03-27 05:47:33+00:00,@cryptosignals,5371,6779,4,13,0.0,0.0,0.0,1.0,149
2025-03-25 19:49:22+00:00,@cryptosignals,5370,7191,7,52,0.0,0.0,0.0,1.0,71
2025-03-25 19:12:49+00:00,@cryptosignals,5369,6948,11,41,0.0,0.0,0.0,1.0,36
2025-03-25 07:55:11+00:00,@cryptosignals,5368,6905,6,12,0.3612,0.161,0.0,0.839,119
2025-03-25 07:41:00+00:00,@cryptosignals,5367,5950,19,11,0.0,0.0,0.0,1.0,215
2025-03-25 07:20:29+00:00,@cryptosignals,5366,5168,7,5,0.0,0.0,0.0,1.0,147
2025-03-25 07:12:19+00:00,@cryptosignals,5365,4783,14,8,-0.296,0.0,0.047,0.953,209
2025-03-25 07:06:09+00:00,@cryptosignals,5363,4936,14,6,-0.296,0.0,0.047,0.953,198
2025-03-25 06:58:50+00:00,@cryptosignals,5362,5432,12,15,0.3612,0.094,0.0,0.906,139
2025-03-24 09:35:01+00:00,@cryptosignals,5361,6277,3,52,0.0,0.0,0.0,1.0,73
2025-03-24 07:58:30+00:00,@cryptosignals,5360,7070,13,18,0.4019,0.07,0.0,0.93,195
2025-03-24 07:21:01+00:00,@cryptosignals,5359,5710,6,7,0.6369,0.135,0.0,0.865,165
2025-03-22 08:09:26+00:00,@cryptosignals,5358,6716,12,69,-0.128,0.053,0.077,0.87,117
2025-03-20 03:51:53+00:00,@cryptosignals,5357,8264,1,7,0.0,0.0,0.0,1.0,82
2025-03-20 03:51:04+00:00,@cryptosignals,5356,6859,1,13,-0.1027,0.0,0.06,0.94,101
2025-03-20 03:51:03+00:00,@cryptosignals,5355,5637,8,10,0.0,0.0,0.0,1.0,157
2025-03-20 03:35:20+00:00,@cryptosignals,5354,5090,2,3,0.0,0.0,0.0,1.0,24
2025-03-20 03:35:20+00:00,@cryptosignals,5353,5698,5,13,0.0,0.0,0.0,1.0,171
2025-03-19 18:05:07+00:00,@cryptosignals,5352,6106,4,31,-0.296,0.0,0.355,0.645,25
2025-03-19 15:36:40+00:00,@cryptosignals,5351,6979,23,30,-0.2732,0.0,0.055,0.945,202
2025-03-17 19:09:49+00:00,@cryptosignals,5350,7906,23,84,0.5574,0.167,0.0,0.833,98
2025-03-17 19:07:23+00:00,@cryptosignals,5349,7547,7,41,-0.6705,0.037,0.155,0.808,138
2025-03-12 17:06:45+00:00,@cryptosignals,5348,10006,1,24,0.0,0.0,0.0,1.0,81
2025-03-12 16:54:27+00:00,@cryptosignals,5347,9839,0,15,0.2716,0.207,0.0,0.793,135
2025-03-11 13:23:46+00:00,@cryptosignals,5346,10838,25,42,0.0,0.0,0.0,1.0,118
2025-03-10 19:11:44+00:00,@cryptosignals,5345,15976,35,56,0.0,0.0,0.0,1.0,36
2025-03-10 13:21:58+00:00,@cryptosignals,5344,8921,11,17,0.0,0.0,0.0,1.0,56
2025-03-10 08:08:22+00:00,@cryptosignals,5343,8695,19,20,0.0,0.0,0.0,1.0,56
2025-03-10 07:50:45+00:00,@cryptosignals,5342,8376,15,17,0.0,0.0,0.0,1.0,136
2025-03-10 07:46:56+00:00,@cryptosignals,5341,7815,6,26,-0.5106,0.0,0.113,0.887,151
2025-03-07 18:22:12+00:00,@cryptosignals,5340,8915,2,9,0.0,0.0,0.0,1.0,81
2025-03-05 18:24:09+00:00,@cryptosignals,5339,10522,52,50,0.0,0.0,0.0,1.0,51
2025-03-05 16:55:15+00:00,@cryptosignals,5338,8080,6,59,-0.1695,0.0,0.114,0.886,85
2025-03-05 15:27:04+00:00,@cryptosignals,5337,13828,18,24,-0.1027,0.108,0.133,0.759,94
2025-03-05 13:11:35+00:00,@cryptosignals,5336,8308,10,18,-0.1761,0.072,0.089,0.84,210
2025-03-05 12:56:22+00:00,@cryptosignals,5335,7142,1,0,0.0,0.0,0.0,1.0,81
2025-03-05 12:52:54+00:00,@cryptosignals,5334,8181,4,9,0.0,0.0,0.0,1.0,56
2025-03-05 08:38:49+00:00,@cryptosignals,5333,8430,12,33,0.0,0.0,0.0,1.0,224
2025-03-04 05:45:41+00:00,@cryptosignals,5332,7330,15,114,-0.2484,0.0,0.285,0.715,30
2025-03-04 02:08:55+00:00,@cryptosignals,5331,7558,24,77,-0.7506,0.0,0.28,0.72,154
2025-03-03 15:44:56+00:00,@cryptosignals,5330,6890,2,9,0.0,0.0,0.0,1.0,81
2025-03-03 12:12:02+00:00,@cryptosignals,5329,7219,3,77,0.4696,0.203,0.0,0.797,68
2025-03-03 09:00:50+00:00,@cryptosignals,5328,7227,17,12,-0.296,0.0,0.046,0.954,205
2025-03-03 08:32:16+00:00,@cryptosignals,5327,5654,21,13,-0.296,0.0,0.046,0.954,197
2025-03-03 08:17:50+00:00,@cryptosignals,5326,5093,4,0,0.2023,0.375,0.0,0.625,71
2025-03-03 08:11:46+00:00,@cryptosignals,5325,5459,6,10,0.0,0.0,0.0,1.0,72
2025-03-03 08:01:21+00:00,@cryptosignals,5324,5478,4,12,0.0387,0.062,0.049,0.89,453
2025-03-02 20:47:12+00:00,@cryptosignals,5323,5113,5,3,0.4877,0.209,0.0,0.791,63
2025-03-02 17:52:51+00:00,@cryptosignals,5322,5508,1,8,0.0,0.0,0.0,1.0,106
2025-03-02 15:58:44+00:00,@cryptosignals,5321,5851,4,32,0.4588,0.133,0.0,0.867,180
2025-03-01 13:30:00+00:00,@cryptosignals,5320,6577,3,17,0.7717,0.295,0.0,0.705,126
2025-03-01 13:00:31+00:00,@cryptosignals,5319,5591,0,9,0.2023,0.375,0.0,0.625,78
2025-03-01 09:26:49+00:00,@cryptosignals,5318,5554,5,18,0.0,0.0,0.0,1.0,103
2025-03-01 09:24:44+00:00,@cryptosignals,5317,5716,20,21,-0.296,0.0,0.037,0.963,255
2025-03-01 08:48:57+00:00,@cryptosignals,5316,5407,14,15,-0.6187,0.0,0.101,0.899,373
2025-03-01 08:24:20+00:00,@cryptosignals,5315,5351,7,12,0.765,0.13,0.0,0.87,294
2025-02-28 14:30:08+00:00,@cryptosignals,5314,5406,5,23,0.0,0.0,0.0,1.0,87
2025-02-28 13:52:25+00:00,@cryptosignals,5313,5611,16,29,0.296,0.053,0.0,0.947,231
2025-02-28 08:26:02+00:00,@cryptosignals,5312,5698,9,39,0.3612,0.116,0.0,0.884,130
2025-02-28 08:00:24+00:00,@cryptosignals,5311,9661,46,32,-0.6486,0.0,0.325,0.675,77
2025-02-28 07:53:31+00:00,@cryptosignals,5310,6120,19,27,-0.7825,0.044,0.09,0.865,535
2025-02-26 18:43:28+00:00,@cryptosignals,5309,9953,10,7,0.0,0.0,0.0,1.0,81
2025-02-26 14:56:35+00:00,@cryptosignals,5308,6756,13,19,0.4019,0.184,0.0,0.816,81
2025-02-25 16:28:21+00:00,@cryptosignals,5307,11397,16,42,0.0,0.0,0.0,1.0,44
2025-02-25 15:28:45+00:00,@cryptosignals,5306,6351,5,37,0.0,0.0,0.0,1.0,62
2025-02-25 13:30:05+00:00,@cryptosignals,5305,10380,5,13,0.0,0.0,0.0,1.0,144
2025-02-25 10:07:45+00:00,@cryptosignals,5304,10336,7,10,0.0,0.0,0.0,1.0,81
2025-02-22 08:24:30+00:00,@cryptosignals,5303,9294,7,27,0.6808,0.359,0.0,0.641,74
2025-02-22 08:02:48+00:00,@cryptosignals,5302,8709,4,18,-0.6249,0.057,0.143,0.8,240
2025-02-21 19:08:51+00:00,@cryptosignals,5301,8164,26,20,0.0,0.0,0.0,1.0,111
2025-02-21 19:02:56+00:00,@cryptosignals,5300,6342,2,0,-0.4019,0.0,0.252,0.748,68
2025-02-21 18:56:39+00:00,@cryptosignals,5299,6439,26,45,-0.5574,0.0,0.419,0.581,42
2025-02-21 18:52:38+00:00,@cryptosignals,5298,10619,35,55,-0.1779,0.0,0.134,0.866,76
2025-02-21 18:25:12+00:00,@cryptosignals,5297,11221,38,23,0.0,0.0,0.0,1.0,106
2025-02-21 16:42:47+00:00,@cryptosignals,5295,6476,2,14,-0.4215,0.0,0.237,0.763,57
2025-02-21 16:36:14+00:00,@cryptosignals,5294,6273,9,38,0.0,0.0,0.0,1.0,65
2025-02-21 15:57:48+00:00,@cryptosignals,5293,5938,5,0,0.0,0.0,0.0,1.0,0
2025-02-21 15:57:47+00:00,@cryptosignals,5292,5593,5,0,0.4588,0.2,0.0,0.8,79
2025-02-21 15:54:05+00:00,@cryptosignals,5291,5744,14,17,0.0,0.0,0.0,1.0,71
2025-02-21 15:46:57+00:00,@cryptosignals,5290,5520,14,7,0.0,0.0,0.0,1.0,49
2025-02-21 15:38:02+00:00,@cryptosignals,5289,4656,1,11,-0.296,0.0,0.423,0.577,20
2025-02-21 15:37:15+00:00,@cryptosignals,5288,4575,7,14,-0.26,0.168,0.302,0.53,63
2025-02-21 14:43:40+00:00,@cryptosignals,5286,4235,0,13,-0.34,0.0,0.375,0.625,25
2025-02-21 13:51:55+00:00,@cryptosignals,5285,4006,1,3,0.0,0.0,0.0,1.0,19
2025-02-21 13:51:55+00:00,@cryptosignals,5284,3770,3,2,0.0,0.0,0.0,1.0,210
2025-02-21 13:03:33+00:00,@cryptosignals,5283,3761,0,13,0.368,0.187,0.0,0.813,87
2025-02-21 12:38:16+00:00,@cryptosignals,5282,4052,0,2,0.3612,0.143,0.0,0.857,72
2025-02-21 12:23:38+00:00,@cryptosignals,5281,4196,0,3,0.296,0.216,0.0,0.784,80
2025-02-21 12:23:02+00:00,@cryptosignals,5280,3726,0,4,0.0,0.0,0.0,1.0,22
2025-02-21 12:23:01+00:00,@cryptosignals,5279,3768,2,4,0.0,0.0,0.0,1.0,201
2025-02-21 10:13:30+00:00,@cryptosignals,5278,4110,1,31,-0.34,0.0,0.706,0.294,5
2025-02-21 08:56:29+00:00,@cryptosignals,5277,4344,18,40,0.34,0.167,0.0,0.833,96
2025-02-21 08:48:23+00:00,@cryptosignals,5276,4053,6,10,0.34,0.211,0.0,0.789,83
2025-02-21 08:34:15+00:00,@cryptosignals,5275,3910,7,4,0.0,0.0,0.0,1.0,53
2025-02-21 08:31:27+00:00,@cryptosignals,5274,3912,8,5,-0.296,0.0,0.046,0.954,208
2025-02-21 08:22:22+00:00,@cryptosignals,5273,3727,6,18,-0.4215,0.0,0.061,0.939,257
2025-02-21 08:12:58+00:00,@cryptosignals,5272,4077,16,4,-0.296,0.0,0.046,0.954,212
2025-02-21 08:04:48+00:00,@cryptosignals,5271,3931,13,10,-0.296,0.0,0.046,0.954,201
2025-02-21 05:40:52+00:00,@cryptosignals,5270,4256,2,25,-0.7184,0.0,0.857,0.143,12
2025-02-21 03:51:11+00:00,@cryptosignals,5269,4261,11,37,-0.34,0.0,0.064,0.936,195
2025-02-20 18:42:06+00:00,@cryptosignals,5267,4304,3,31,-0.4939,0.058,0.132,0.81,258
2025-02-20 18:29:50+00:00,@cryptosignals,5265,4270,1,4,0.2023,0.052,0.0,0.948,113
2025-02-20 18:00:24+00:00,@cryptosignals,5264,4047,3,28,-0.8402,0.0,0.222,0.778,156
2025-02-20 17:49:11+00:00,@cryptosignals,5263,4406,4,13,0.3612,0.102,0.0,0.898,186
2025-02-20 17:01:13+00:00,@cryptosignals,5261,4076,1,15,0.0,0.0,0.0,1.0,25
2025-02-20 17:00:06+00:00,@cryptosignals,5260,5734,7,23,-0.34,0.0,0.324,0.676,31
2025-02-20 14:45:37+00:00,@cryptosignals,5258,6230,18,32,-0.5423,0.0,0.241,0.759,84
2025-02-20 12:14:11+00:00,@cryptosignals,5257,4287,8,37,0.4588,0.164,0.076,0.76,170
2025-02-20 06:18:32+00:00,@cryptosignals,5256,6368,3,34,0.4871,0.217,0.0,0.783,150
2025-02-20 04:21:08+00:00,@cryptosignals,5255,3956,0,6,0.4404,0.108,0.0,0.892,124
2025-02-20 00:53:20+00:00,@cryptosignals,5254,3563,0,4,0.6369,0.167,0.0,0.833,111
2025-02-20 00:53:19+00:00,@cryptosignals,5253,3626,1,3,0.0,0.0,0.0,1.0,199
2025-02-19 18:34:20+00:00,@cryptosignals,5252,6899,10,21,0.0,0.0,0.0,1.0,81
2025-02-19 08:39:27+00:00,@cryptosignals,5251,4825,17,23,0.0,0.0,0.0,1.0,82
2025-02-19 06:35:51+00:00,@cryptosignals,5250,4825,4,7,0.5423,0.106,0.0,0.894,171
2025-02-18 18:07:51+00:00,@cryptosignals,5249,4963,10,39,0.0,0.0,0.0,1.0,88
2025-02-18 11:10:40+00:00,@cryptosignals,5248,7095,12,56,0.0,0.0,0.0,1.0,54
2025-02-18 06:34:40+00:00,@cryptosignals,5247,5441,13,63,0.0644,0.12,0.081,0.799,174
2025-02-18 06:29:41+00:00,@cryptosignals,5246,5336,4,34,0.0,0.0,0.0,1.0,54
2025-02-18 05:54:01+00:00,@cryptosignals,5245,5521,14,82,0.0,0.0,0.0,1.0,17
2025-02-17 12:35:49+00:00,@cryptosignals,5243,5448,15,32,0.0,0.0,0.0,1.0,72
2025-02-17 12:20:11+00:00,@cryptosignals,5242,5283,10,25,0.5859,0.179,0.0,0.821,139
2025-02-17 10:40:12+00:00,@cryptosignals,5241,4799,3,9,0.4939,0.088,0.0,0.912,152
2025-02-17 10:40:12+00:00,@cryptosignals,5240,4815,4,6,0.0,0.0,0.0,1.0,215
2025-02-16 01:34:03+00:00,@cryptosignals,5239,9246,10,25,0.8225,0.324,0.0,0.676,187
2025-02-15 17:14:28+00:00,@cryptosignals,5238,5731,16,0,0.0,0.0,0.0,1.0,0
2025-02-15 17:14:27+00:00,@cryptosignals,5237,6254,17,37,0.2263,0.174,0.0,0.826,62
2025-02-15 08:28:06+00:00,@cryptosignals,5236,5727,1,14,0.3612,0.217,0.0,0.783,101
2025-02-15 03:09:33+00:00,@cryptosignals,5235,8765,3,6,0.0,0.0,0.0,1.0,93
2025-02-15 02:58:39+00:00,@cryptosignals,5234,5604,0,2,0.0,0.0,0.0,1.0,34
2025-02-14 17:42:21+00:00,@cryptosignals,5233,8012,5,8,0.0,0.0,0.0,1.0,382
2025-02-14 16:59:00+00:00,@cryptosignals,5232,8686,18,22,0.4939,0.186,0.0,0.814,98
2025-02-14 09:16:51+00:00,@cryptosignals,5231,5956,1,7,0.0,0.0,0.0,1.0,51
2025-02-14 09:14:41+00:00,@cryptosignals,5230,5966,8,16,0.34,0.286,0.0,0.714,56
2025-02-14 09:02:49+00:00,@cryptosignals,5229,5156,2,5,0.5106,0.193,0.0,0.807,143
2025-02-14 08:36:00+00:00,@cryptosignals,5228,5237,7,17,0.2732,0.065,0.0,0.935,201
2025-02-14 08:14:56+00:00,@cryptosignals,5227,4579,22,26,-0.296,0.0,0.046,0.954,210
2025-02-14 08:01:15+00:00,@cryptosignals,5226,4288,2,12,0.4877,0.311,0.0,0.689,54
2025-02-14 07:45:13+00:00,@cryptosignals,5225,4833,17,8,-0.296,0.0,0.047,0.953,199
2025-02-14 07:30:29+00:00,@cryptosignals,5224,4558,17,8,-0.296,0.0,0.047,0.953,209
2025-02-14 06:42:40+00:00,@cryptosignals,5223,12810,19,8,0.6361,0.191,0.0,0.809,307
2025-02-13 13:37:39+00:00,@cryptosignals,5222,5574,17,57,-0.7038,0.061,0.179,0.759,285
2025-02-12 17:08:14+00:00,@cryptosignals,5221,5958,11,31,0.0,0.0,0.0,1.0,122
2025-02-12 16:59:40+00:00,@cryptosignals,5220,5942,5,28,-0.2023,0.0,0.101,0.899,86
2025-02-12 16:36:52+00:00,@cryptosignals,5219,8142,2,5,0.168,0.089,0.0,0.911,158
2025-02-12 13:41:47+00:00,@cryptosignals,5218,5743,12,47,0.0,0.0,0.0,1.0,136
2025-02-12 13:31:48+00:00,@cryptosignals,5217,8146,20,17,0.0,0.0,0.0,1.0,81
2025-02-12 13:25:44+00:00,@cryptosignals,5216,5345,2,17,0.0,0.0,0.0,1.0,109
2025-02-12 13:12:31+00:00,@cryptosignals,5215,5352,9,22,0.6249,0.117,0.0,0.883,188
2025-02-11 09:10:01+00:00,@cryptosignals,5214,5630,4,8,0.0,0.0,0.0,1.0,81
2025-02-11 08:54:59+00:00,@cryptosignals,5213,5851,15,17,-0.296,0.0,0.047,0.953,197
2025-02-11 08:27:34+00:00,@cryptosignals,5212,5761,22,12,-0.296,0.0,0.046,0.954,203
2025-02-11 07:53:20+00:00,@cryptosignals,5211,6167,5,9,0.0,0.0,0.0,1.0,82
2025-02-11 02:46:51+00:00,@cryptosignals,5210,10424,6,28,0.0,0.0,0.0,1.0,81
2025-02-11 02:36:50+00:00,@cryptosignals,5209,6170,1,52,0.0,0.0,0.0,1.0,9
2025-02-05 10:10:46+00:00,@cryptosignals,5208,9832,16,98,-0.5095,0.0,0.23,0.77,91
2025-02-04 07:16:10+00:00,@cryptosignals,5207,9981,30,28,-0.5267,0.0,0.195,0.805,81
2025-02-04 07:11:28+00:00,@cryptosignals,5206,9064,3,28,0.5106,0.086,0.0,0.914,213
2025-02-03 19:59:29+00:00,@cryptosignals,5205,8808,39,39,0.8506,0.134,0.0,0.866,395
2025-02-03 19:51:12+00:00,@cryptosignals,5204,7126,5,20,0.6597,0.231,0.0,0.769,163
2025-02-03 18:04:55+00:00,@cryptosignals,5203,10257,22,44,0.8833,0.424,0.0,0.576,108
2025-02-03 16:38:13+00:00,@cryptosignals,5202,7402,4,10,0.0,0.0,0.0,1.0,73
2025-02-03 15:37:53+00:00,@cryptosignals,5201,7018,19,78,0.4404,0.116,0.0,0.884,131
2025-02-03 15:26:44+00:00,@cryptosignals,5200,6537,4,33,0.0,0.0,0.0,1.0,35
2025-02-03 13:56:34+00:00,@cryptosignals,5199,8525,14,14,0.0258,0.044,0.0,0.956,184
2025-02-03 13:20:13+00:00,@cryptosignals,5197,9556,7,10,0.0,0.0,0.0,1.0,81
2025-02-03 11:07:01+00:00,@cryptosignals,5196,15145,39,38,0.0,0.0,0.0,1.0,93
2025-02-03 09:34:38+00:00,@cryptosignals,5195,7114,6,17,-0.4939,0.0,0.167,0.833,173
2025-02-03 08:03:42+00:00,@cryptosignals,5194,9302,26,136,0.9607,0.181,0.122,0.697,1341
2025-02-03 04:01:50+00:00,@cryptosignals,5193,6295,11,74,0.0772,0.101,0.089,0.81,116
2025-02-02 18:23:40+00:00,@cryptosignals,5192,6439,16,68,0.5719,0.299,0.0,0.701,84
2025-02-02 17:53:52+00:00,@cryptosignals,5191,6457,12,34,0.0,0.0,0.0,1.0,0
2025-02-02 13:10:51+00:00,@cryptosignals,5190,6623,15,31,0.5606,0.413,0.0,0.587,133
2025-02-02 11:58:44+00:00,@cryptosignals,5189,6288,22,57,-0.4404,0.057,0.114,0.828,268
2025-02-01 23:02:41+00:00,@cryptosignals,5188,6386,14,130,0.0,0.0,0.0,1.0,64
2025-02-01 20:06:35+00:00,@cryptosignals,5187,6381,9,36,-0.4404,0.0,0.266,0.734,55
2025-02-01 20:00:55+00:00,@cryptosignals,5186,9496,10,9,0.0,0.0,0.0,1.0,0
2025-02-01 19:45:51+00:00,@cryptosignals,5185,8918,8,12,0.0,0.0,0.0,1.0,81
2025-01-31 16:15:30+00:00,@cryptosignals,5184,6672,2,22,0.3612,0.128,0.0,0.872,169
2025-01-31 13:18:24+00:00,@cryptosignals,5183,6568,13,23,0.2023,0.055,0.0,0.945,183
2025-01-31 13:02:48+00:00,@cryptosignals,5181,6423,28,23,0.0,0.0,0.0,1.0,145
2025-01-31 12:50:52+00:00,@cryptosignals,5180,5743,15,25,0.4767,0.227,0.0,0.773,113
2025-01-31 12:48:33+00:00,@cryptosignals,5179,4786,3,0,0.296,0.128,0.0,0.872,125
2025-01-31 12:47:34+00:00,@cryptosignals,5178,4419,0,6,0.0,0.0,0.0,1.0,13
2025-01-31 12:47:33+00:00,@cryptosignals,5177,4388,1,1,0.0,0.0,0.0,1.0,210
2025-01-31 11:31:18+00:00,@cryptosignals,5176,4326,1,11,0.0,0.0,0.0,1.0,14
2025-01-31 11:31:17+00:00,@cryptosignals,5175,4527,2,12,0.0,0.0,0.0,1.0,202
2025-01-31 07:30:55+00:00,@cryptosignals,5174,4416,16,17,0.5904,0.561,0.0,0.439,30
2025-01-31 07:27:15+00:00,@cryptosignals,5172,3949,0,11,0.0,0.0,0.0,1.0,15
2025-01-31 07:27:14+00:00,@cryptosignals,5171,4023,5,14,0.0,0.0,0.0,1.0,200
2025-01-31 07:26:12+00:00,@cryptosignals,5170,4459,8,12,0.0,0.0,0.0,1.0,32
2025-01-31 07:14:34+00:00,@cryptosignals,5169,4875,5,18,0.8176,0.196,0.0,0.804,255
2025-01-30 13:49:20+00:00,@cryptosignals,5168,5036,10,49,0.0,0.0,0.0,1.0,70
2025-01-30 07:43:24+00:00,@cryptosignals,5167,5261,7,25,-0.34,0.0,0.146,0.854,86
2025-01-30 07:10:45+00:00,@cryptosignals,5165,5102,12,9,-0.2023,0.0,0.053,0.947,192
2025-01-30 06:44:04+00:00,@cryptosignals,5164,5054,10,30,0.222,0.058,0.0,0.942,268
2025-01-30 06:31:22+00:00,@cryptosignals,5162,4735,1,28,0.0,0.0,0.0,1.0,70
2025-01-30 05:29:49+00:00,@cryptosignals,5161,4920,1,13,0.4404,0.162,0.0,0.838,73
2025-01-29 19:00:29+00:00,@cryptosignals,5160,7802,21,30,0.0,0.0,0.0,1.0,55
2025-01-29 18:50:17+00:00,@cryptosignals,5159,5110,11,43,0.0,0.0,0.0,1.0,76
2025-01-29 18:44:42+00:00,@cryptosignals,5158,5396,11,18,-0.2732,0.0,0.087,0.913,223
2025-01-29 18:43:03+00:00,@cryptosignals,5157,11676,17,29,0.0772,0.051,0.0,0.949,136
2025-01-29 18:34:12+00:00,@cryptosignals,5156,11627,5,20,0.296,0.196,0.0,0.804,52
2025-01-29 17:39:23+00:00,@cryptosignals,5155,5185,2,19,0.0,0.0,0.0,1.0,21
2025-01-29 17:35:05+00:00,@cryptosignals,5154,5588,10,19,0.1139,0.116,0.0,0.884,69
2025-01-29 14:00:50+00:00,@cryptosignals,5153,8456,8,18,0.0,0.0,0.0,1.0,76
2025-01-29 13:59:26+00:00,@cryptosignals,5152,8190,5,18,0.0,0.0,0.0,1.0,0
2025-01-28 19:50:36+00:00,@cryptosignals,5151,5711,12,64,-0.5319,0.0,0.33,0.67,70
2025-01-28 19:44:36+00:00,@cryptosignals,5150,5618,3,20,0.0,0.0,0.0,1.0,130
2025-01-28 16:27:23+00:00,@cryptosignals,5149,5784,1,10,0.0,0.0,0.0,1.0,68
2025-01-28 16:23:49+00:00,@cryptosignals,5148,5358,14,51,-0.6697,0.0,0.163,0.837,130
2025-01-28 15:29:07+00:00,@cryptosignals,5147,5148,1,15,0.0,0.0,0.0,1.0,16
2025-01-28 14:32:54+00:00,@cryptosignals,5146,4671,3,15,0.0,0.0,0.0,1.0,15
2025-01-28 14:32:54+00:00,@cryptosignals,5145,4590,5,2,0.0,0.0,0.0,1.0,80
2025-01-27 18:29:31+00:00,@cryptosignals,5144,5138,4,14,0.5106,0.185,0.0,0.815,181
2025-01-27 18:20:39+00:00,@cryptosignals,5143,4993,6,27,0.68,0.189,0.0,0.811,176
2025-01-27 18:10:55+00:00,@cryptosignals,5142,4990,8,32,0.2732,0.159,0.093,0.748,129
2025-01-27 17:35:39+00:00,@cryptosignals,5141,7949,21,21,0.4329,0.096,0.0,0.904,205
2025-01-27 17:29:29+00:00,@cryptosignals,5140,5354,12,51,0.0,0.0,0.0,1.0,86
2025-01-27 17:23:43+00:00,@cryptosignals,5139,5749,15,53,-0.6486,0.085,0.136,0.78,484
2025-01-27 17:14:06+00:00,@cryptosignals,5138,10477,26,25,-0.8975,0.03,0.245,0.724,252
2025-01-27 17:03:23+00:00,@cryptosignals,5137,16217,28,23,0.4019,0.035,0.0,0.965,405
2025-01-27 10:42:49+00:00,@cryptosignals,5136,6302,48,106,0.0,0.0,0.0,1.0,31
2025-01-27 10:41:03+00:00,@cryptosignals,5135,5957,4,17,0.0,0.0,0.0,1.0,39
2025-01-27 07:30:59+00:00,@cryptosignals,5134,6328,7,48,0.6187,0.219,0.0,0.781,147
2025-01-27 06:36:56+00:00,@cryptosignals,5133,6685,4,39,0.0,0.0,0.0,1.0,76
2025-01-27 04:10:55+00:00,@cryptosignals,5132,10569,17,60,-0.6249,0.0,0.313,0.687,71
2025-01-26 08:18:03+00:00,@cryptosignals,5131,7140,1,33,0.5106,0.202,0.0,0.798,165
2025-01-25 17:43:55+00:00,@cryptosignals,5130,7657,37,117,0.6369,0.13,0.0,0.87,164
2025-01-25 04:14:48+00:00,@cryptosignals,5129,12101,8,44,0.8053,0.256,0.0,0.744,179
2025-01-25 04:09:00+00:00,@cryptosignals,5128,10561,13,29,0.0,0.0,0.0,1.0,77
2025-01-24 12:27:17+00:00,@cryptosignals,5126,7682,42,31,0.0,0.0,0.0,1.0,103
2025-01-24 12:16:36+00:00,@cryptosignals,5125,6731,19,13,0.7579,0.448,0.0,0.552,64
2025-01-24 12:05:01+00:00,@cryptosignals,5124,6726,18,16,0.0,0.0,0.0,1.0,67
2025-01-24 11:24:36+00:00,@cryptosignals,5123,7030,1,11,0.0,0.0,0.0,1.0,382
2025-01-24 08:38:32+00:00,@cryptosignals,5122,23958,55,34,0.1779,0.09,0.095,0.815,335
2025-01-24 08:31:22+00:00,@cryptosignals,5121,6108,25,27,0.6597,0.265,0.0,0.735,91
2025-01-24 08:19:39+00:00,@cryptosignals,5120,16928,23,17,0.128,0.045,0.035,0.92,264
2025-01-24 07:56:51+00:00,@cryptosignals,5119,6210,0,12,0.0,0.0,0.0,1.0,81
2025-01-22 19:10:50+00:00,@cryptosignals,5118,11116,5,13,0.0,0.0,0.0,1.0,81
2025-01-22 17:24:34+00:00,@cryptosignals,5117,7564,2,29,0.4404,0.104,0.0,0.896,145
2025-01-22 08:14:08+00:00,@cryptosignals,5116,6758,12,38,-0.1027,0.043,0.062,0.895,378
2025-01-22 07:49:07+00:00,@cryptosignals,5115,6335,12,10,0.0,0.0,0.0,1.0,31
2025-01-22 07:36:24+00:00,@cryptosignals,5114,7051,12,23,0.25,0.095,0.049,0.856,228
2025-01-21 18:49:11+00:00,@cryptosignals,5113,6523,15,82,0.09,0.145,0.136,0.719,188
2025-01-21 18:41:21+00:00,@cryptosignals,5112,6512,3,19,0.0,0.0,0.0,1.0,30
2025-01-21 18:40:13+00:00,@cryptosignals,5111,6652,2,39,0.0,0.0,0.0,1.0,100
2025-01-20 17:43:11+00:00,@cryptosignals,5109,11412,19,82,0.3182,0.198,0.097,0.705,97
2025-01-20 11:25:45+00:00,@cryptosignals,5108,7436,9,17,0.0,0.0,0.0,1.0,0
2025-01-20 10:42:42+00:00,@cryptosignals,5106,9457,13,32,0.5106,0.185,0.0,0.815,185
2025-01-20 10:21:00+00:00,@cryptosignals,5105,6695,13,16,0.0,0.0,0.0,1.0,32
2025-01-20 08:26:08+00:00,@cryptosignals,5104,6709,10,20,0.0,0.0,0.0,1.0,66
2025-01-20 08:13:37+00:00,@cryptosignals,5103,5962,10,14,0.0,0.0,0.0,1.0,33
2025-01-20 08:10:26+00:00,@cryptosignals,5102,5808,11,16,0.0,0.0,0.0,1.0,29
2025-01-20 08:00:35+00:00,@cryptosignals,5101,5537,9,19,0.6166,0.573,0.0,0.427,30
2025-01-20 07:51:23+00:00,@cryptosignals,5100,5582,9,17,0.0,0.0,0.0,1.0,31
2025-01-20 07:09:33+00:00,@cryptosignals,5099,4974,2,18,0.0,0.0,0.0,1.0,40
2025-01-20 07:09:32+00:00,@cryptosignals,5098,4841,8,25,-0.4939,0.0,0.054,0.946,304
2025-01-20 06:55:50+00:00,@cryptosignals,5097,5468,6,33,0.0,0.0,0.0,1.0,31
2025-01-19 22:07:29+00:00,@cryptosignals,5096,6320,42,69,0.7717,0.267,0.16,0.573,249
2025-01-19 14:14:30+00:00,@cryptosignals,5095,8277,18,63,0.0,0.0,0.0,1.0,26
2025-01-19 12:44:16+00:00,@cryptosignals,5094,11565,59,66,0.3734,0.039,0.019,0.942,412
2025-01-18 16:11:10+00:00,@cryptosignals,5093,11583,6,37,0.6249,0.24,0.0,0.76,152
2025-01-18 15:54:09+00:00,@cryptosignals,5091,6202,12,106,0.9305,0.252,0.0,0.748,341
2025-01-17 18:20:23+00:00,@cryptosignals,5090,6165,6,21,0.0,0.0,0.0,1.0,95
2025-01-17 16:47:40+00:00,@cryptosignals,5089,9322,7,28,0.3612,0.143,0.0,0.857,151
2025-01-17 08:49:34+00:00,@cryptosignals,5088,5949,15,37,0.0422,0.088,0.065,0.847,264
2025-01-17 08:38:51+00:00,@cryptosignals,5087,5553,16,28,0.0,0.0,0.0,1.0,277
2025-01-17 08:25:45+00:00,@cryptosignals,5086,5258,10,4,0.0,0.0,0.0,1.0,32
2025-01-17 08:21:28+00:00,@cryptosignals,5085,5466,17,6,0.0,0.0,0.0,1.0,28
2025-01-17 08:19:21+00:00,@cryptosignals,5084,5831,21,6,0.0,0.0,0.0,1.0,30
2025-01-17 08:17:59+00:00,@cryptosignals,5083,5914,22,11,0.0,0.0,0.0,1.0,30
2025-01-17 08:11:21+00:00,@cryptosignals,5082,5821,25,11,0.0,0.0,0.0,1.0,30
2025-01-16 18:28:46+00:00,@cryptosignals,5081,5824,0,21,0.1695,0.132,0.0,0.868,60
2025-01-16 18:25:57+00:00,@cryptosignals,5080,11342,19,40,0.5106,0.137,0.0,0.863,210
2025-01-16 17:53:26+00:00,@cryptosignals,5079,6323,9,18,0.5903,0.168,0.0,0.832,202
2025-01-16 17:40:32+00:00,@cryptosignals,5078,5764,6,23,0.0,0.0,0.0,1.0,39
2025-01-16 17:39:23+00:00,@cryptosignals,5077,6136,9,17,0.0,0.0,0.0,1.0,134
2025-01-15 14:40:59+00:00,@cryptosignals,5076,7160,5,36,0.5859,0.792,0.0,0.208,19
2025-01-14 10:17:38+00:00,@cryptosignals,5075,7443,21,52,-0.4588,0.0,0.129,0.871,160
2025-01-13 16:08:20+00:00,@cryptosignals,5074,8187,9,47,0.0,0.0,0.0,1.0,127
2025-01-13 14:37:19+00:00,@cryptosignals,5073,7457,3,16,0.0,0.0,0.0,1.0,20
2025-01-13 12:12:11+00:00,@cryptosignals,5072,7226,6,35,-0.2732,0.0,0.091,0.909,126
2025-01-13 11:52:19+00:00,@cryptosignals,5071,9219,17,22,0.0,0.0,0.0,1.0,110
2025-01-13 10:35:07+00:00,@cryptosignals,5070,9319,6,23,0.0,0.0,0.0,1.0,19
2025-01-13 09:59:50+00:00,@cryptosignals,5069,6262,3,0,0.0,0.0,0.0,1.0,32
2025-01-13 09:59:42+00:00,@cryptosignals,5068,5748,19,19,0.0,0.0,0.0,1.0,150
2025-01-13 09:55:20+00:00,@cryptosignals,5067,8961,15,9,0.4019,0.474,0.0,0.526,97
2025-01-13 09:28:42+00:00,@cryptosignals,5065,6597,11,50,0.0,0.0,0.0,1.0,74
2025-01-12 08:09:18+00:00,@cryptosignals,5064,11780,69,124,0.0,0.0,0.0,1.0,63
2025-01-12 07:26:59+00:00,@cryptosignals,5063,8619,39,89,0.0,0.0,0.0,1.0,183
2025-01-12 07:16:27+00:00,@cryptosignals,5062,7997,1,74,0.0,0.0,0.0,1.0,6
2025-01-09 17:26:11+00:00,@cryptosignals,5061,9876,9,54,-0.4404,0.0,0.196,0.804,95
2025-01-09 16:26:36+00:00,@cryptosignals,5060,9144,11,47,-0.0572,0.0,0.1,0.9,67
2025-01-09 08:14:26+00:00,@cryptosignals,5059,8995,23,42,0.0,0.0,0.0,1.0,106
2025-01-09 06:18:24+00:00,@cryptosignals,5058,12491,26,33,0.2808,0.162,0.0,0.838,79
2025-01-08 08:12:35+00:00,@cryptosignals,5057,8967,14,89,0.0572,0.038,0.0,0.962,168
2025-01-08 08:07:50+00:00,@cryptosignals,5056,8265,11,58,0.6814,0.248,0.0,0.752,98
2025-01-07 16:07:13+00:00,@cryptosignals,5055,12001,34,101,-0.1275,0.194,0.23,0.575,45
2025-01-07 09:39:14+00:00,@cryptosignals,5054,6919,3,21,-0.1779,0.109,0.125,0.766,203
2025-01-07 09:36:10+00:00,@cryptosignals,5053,7162,2,17,-0.1779,0.109,0.125,0.766,202
2025-01-07 09:32:36+00:00,@cryptosignals,5052,6238,3,14,-0.1779,0.112,0.128,0.76,194
2025-01-06 15:27:21+00:00,@cryptosignals,5051,9344,42,40,0.5904,0.107,0.0,0.893,162
2025-01-03 16:56:44+00:00,@cryptosignals,5050,8413,2,22,0.0,0.0,0.0,1.0,14
2025-01-03 16:56:43+00:00,@cryptosignals,5049,8666,7,12,0.0,0.0,0.0,1.0,211
2025-01-02 18:57:22+00:00,@cryptosignals,5048,14472,22,23,0.0,0.0,0.0,1.0,109
2025-01-02 17:37:05+00:00,@cryptosignals,5047,9461,39,93,0.4475,0.091,0.036,0.873,256
2025-01-02 10:24:52+00:00,@cryptosignals,5046,12352,5,265,0.3818,0.245,0.0,0.755,52
